country_raw,year,readiness_rank,readiness_score,era,iso3,n_countries_that_year,percentile_rank,percentile_rank_higher_is_better,score_percentile_within_year,tier
United States of America,2021,1,88.15961153,0,USA,160,0.00625,0.99375,1.0,Top
Singapore,2021,2,82.45681323,0,SGP,160,0.0125,0.9875,0.99375,Top
United Kingdom,2021,3,81.25074503,0,GBR,160,0.01875,0.98125,0.9875,Top
Finland,2021,4,79.23374229,0,FIN,160,0.025,0.975,0.98125,Top
Netherlands,2021,5,78.50681097,0,NLD,160,0.03125,0.96875,0.975,Top
Sweden,2021,6,78.1646107,0,SWE,160,0.0375,0.9625,0.96875,Top
Canada,2021,7,77.73085276,0,CAN,160,0.04375,0.95625,0.9625,Top
Germany,2021,8,77.26444673,0,DEU,160,0.05,0.95,0.95625,Top
Denmark,2021,9,76.95991775,0,DNK,160,0.05625,0.94375,0.95,Top
Republic of Korea,2021,10,76.54734155,0,KOR,160,0.0625,0.9375,0.94375,Top
France,2021,11,76.41358024,0,FRA,160,0.06875,0.93125,0.9375,Top
Japan,2021,12,76.17752679,0,JPN,160,0.075,0.925,0.93125,Top
Norway,2021,13,76.13517078,0,NOR,160,0.08125,0.91875,0.925,Top
Australia,2021,14,75.40980096,0,AUS,160,0.0875,0.9125,0.91875,Top
China,2021,15,74.42075762,0,CHN,160,0.09375,0.90625,0.9125,Top
Luxembourg,2021,16,73.37376397,0,LUX,160,0.1,0.9,0.90625,Top
Ireland,2021,17,72.79927998,0,IRL,160,0.10625,0.89375,0.9,Top
Taiwan,2021,18,71.97943147,0,TWN,160,0.1125,0.8875,0.89375,Top
United Arab Emirates,2021,19,71.59684283,0,ARE,160,0.11875,0.88125,0.8875,Top
Israel,2021,20,70.00840751,0,ISR,160,0.125,0.875,0.88125,Top
Estonia,2021,21,69.18310231,0,EST,160,0.13125,0.86875,0.875,Top
Switzerland,2021,22,68.56419978,0,CHE,160,0.1375,0.8625,0.86875,Top
New Zealand,2021,23,68.08408201,0,NZL,160,0.14375,0.85625,0.8625,Top
Austria,2021,24,68.07358716,0,AUT,160,0.15,0.85,0.85625,Top
Spain,2021,25,67.67652903,0,ESP,160,0.15625,0.84375,0.85,Top
Qatar,2021,26,67.18031989,0,QAT,160,0.1625,0.8375,0.84375,Top
Italy,2021,27,67.07136413,0,ITA,160,0.16875,0.83125,0.8375,Top
Belgium,2021,28,66.16481528,0,BEL,160,0.175,0.825,0.83125,Top
Czech Republic,2021,29,65.95432334,0,CZE,160,0.18125,0.81875,0.825,Top
Lithuania,2021,30,65.19059203,0,LTU,160,0.1875,0.8125,0.81875,Top
Slovenia,2021,31,65.0527651,0,SVN,160,0.19375,0.80625,0.8125,Top
Malta,2021,32,64.84862898,0,MLT,160,0.2,0.8,0.80625,Top
Portugal,2021,33,64.31109865,0,PRT,160,0.20625,0.79375,0.8,Top
Saudi Arabia,2021,34,63.41823204,0,SAU,160,0.2125,0.7875,0.79375,Top
Poland,2021,35,62.50277705,0,POL,160,0.21875,0.78125,0.7875,Top
Malaysia,2021,36,62.45903786,0,MYS,160,0.225,0.775,0.78125,Top
Latvia,2021,37,62.2662637,0,LVA,160,0.23125,0.76875,0.775,Top
Russian Federation,2021,38,61.93369511,0,RUS,160,0.2375,0.7625,0.76875,Top
Slovakia,2021,39,61.622784,0,SVK,160,0.24375,0.75625,0.7625,Top
Brazil,2021,40,60.63532,0,BRA,160,0.25,0.75,0.75625,Top
Chile,2021,41,60.41748563,0,CHL,160,0.25625,0.74375,0.75,Top
Bulgaria,2021,42,60.06809672,0,BGR,160,0.2625,0.7375,0.74375,Top
Hungary,2021,43,59.71500633,0,HUN,160,0.26875,0.73125,0.7375,Top
Cyprus,2021,44,59.71494208,0,CYP,160,0.275,0.725,0.73125,Top
Colombia,2021,45,58.91032079,0,COL,160,0.28125,0.71875,0.725,Top
Iceland,2021,46,58.52549589,0,ISL,160,0.2875,0.7125,0.71875,Top
Indonesia,2021,47,58.13597168,0,IDN,160,0.29375,0.70625,0.7125,Top
Uruguay,2021,48,57.92660526,0,URY,160,0.3,0.7,0.70625,Top
Oman,2021,49,57.25811351,0,OMN,160,0.30625,0.69375,0.7,Top
Greece,2021,50,56.22319444,0,GRC,160,0.3125,0.6875,0.69375,Top
India,2021,51,56.10603803,0,IND,160,0.31875,0.68125,0.6875,Top
Serbia,2021,52,55.9756157,0,SRB,160,0.325,0.675,0.68125,Top
Turkey,2021,53,55.48568205,0,TUR,160,0.33125,0.66875,0.675,Top
Argentina,2021,54,54.35665427,0,ARG,160,0.3375,0.6625,0.66875,Top
Bahrain,2021,55,53.53874411,0,BHR,160,0.34375,0.65625,0.6625,Mid
Romania,2021,56,53.22358321,0,ROU,160,0.35,0.65,0.65625,Mid
Brunei Darussalam,2021,57,52.92662721,0,BRN,160,0.35625,0.64375,0.65,Mid
Mauritius,2021,58,52.71322634,0,MUS,160,0.3625,0.6375,0.64375,Mid
Thailand,2021,59,52.62806047,0,THA,160,0.36875,0.63125,0.6375,Mid
Mexico,2021,60,52.62055216,0,MEX,160,0.375,0.625,0.63125,Mid
Croatia,2021,61,52.29801885,0,HRV,160,0.38125,0.61875,0.625,Mid
Viet Nam,2021,62,51.81976952,0,VNM,160,0.3875,0.6125,0.61875,Mid
Kuwait,2021,63,50.96595392,0,KWT,160,0.39375,0.60625,0.6125,Mid
Ukraine,2021,64,50.57953842,0,UKR,160,0.4,0.6,0.60625,Mid
Egypt,2021,65,49.75186942,0,EGY,160,0.40625,0.59375,0.6,Mid
Kazakhstan,2021,66,48.42782516,0,KAZ,160,0.4125,0.5875,0.59375,Mid
Azerbaijan,2021,67,48.26467933,0,AZE,160,0.41875,0.58125,0.5875,Mid
South Africa,2021,68,48.23683389,0,ZAF,160,0.425,0.575,0.58125,Mid
Fiji,2021,69,48.16911225,0,FJI,160,0.43125,0.56875,0.575,Mid
Seychelles,2021,70,47.47717158,0,SYC,160,0.4375,0.5625,0.56875,Mid
Philippines,2021,71,47.204124,0,PHL,160,0.44375,0.55625,0.5625,Mid
Iran,2021,72,46.2258541,0,IRN,160,0.45,0.55,0.55625,Mid
Belarus,2021,73,46.19630163,0,BLR,160,0.45625,0.54375,0.55,Mid
Costa Rica,2021,74,46.18967035,0,CRI,160,0.4625,0.5375,0.54375,Mid
Montenegro,2021,75,46.09707305,0,MNE,160,0.46875,0.53125,0.5375,Mid
Armenia,2021,76,45.92539398,0,ARM,160,0.475,0.525,0.53125,Mid
Tunisia,2021,77,45.71261411,0,TUN,160,0.48125,0.51875,0.525,Mid
Kenya,2021,78,45.53691503,0,KEN,160,0.4875,0.5125,0.51875,Mid
Georgia,2021,79,45.41491686,0,GEO,160,0.49375,0.50625,0.5125,Mid
Jordan,2021,80,44.37804843,0,JOR,160,0.5,0.5,0.50625,Mid
North Macedonia,2021,81,43.72643901,0,MKD,160,0.50625,0.49375,0.5,Mid
Panama,2021,82,42.98152532,0,PAN,160,0.5125,0.48750000000000004,0.49375,Mid
Albania,2021,83,42.89921225,0,ALB,160,0.51875,0.48124999999999996,0.4875,Mid
Morocco,2021,84,42.37957443,0,MAR,160,0.525,0.475,0.48125,Mid
Barbados,2021,85,42.19622123,0,BRB,160,0.53125,0.46875,0.475,Mid
Republic of Moldova,2021,86,41.70704681,0,MDA,160,0.5375,0.4625,0.46875,Mid
Jamaica,2021,87,41.49969775,0,JAM,160,0.54375,0.45625000000000004,0.4625,Mid
Sri Lanka,2021,88,41.1170847,0,LKA,160,0.55,0.44999999999999996,0.45625,Mid
Dominican Republic,2021,89,40.88594812,0,DOM,160,0.55625,0.44375,0.45,Mid
Trinidad and Tobago,2021,90,40.77693238,0,TTO,160,0.5625,0.4375,0.44375,Mid
Peru,2021,91,40.55691787,0,PER,160,0.56875,0.43125,0.4375,Mid
Ghana,2021,92,40.19417706,0,GHA,160,0.575,0.42500000000000004,0.43125,Mid
Uzbekistan,2021,93,40.13268957,0,UZB,160,0.58125,0.41874999999999996,0.425,Mid
Lebanon,2021,94,39.66701083,0,LBN,160,0.5875,0.4125,0.41875,Mid
Ecuador,2021,95,39.19079497,0,ECU,160,0.59375,0.40625,0.4125,Mid
Bosnia and Herzegovina,2021,96,38.67179055,0,BIH,160,0.6,0.4,0.40625,Mid
Suriname,2021,97,38.58378245,0,SUR,160,0.60625,0.39375000000000004,0.4,Mid
Tajikistan,2021,98,38.48615463,0,TJK,160,0.6125,0.38749999999999996,0.39375,Mid
Algeria,2021,99,37.92372769,0,DZA,160,0.61875,0.38125,0.3875,Mid
Kyrgyzstan,2021,100,37.60655564,0,KGZ,160,0.625,0.375,0.38125,Mid
Maldives,2021,101,37.46980713,0,MDV,160,0.63125,0.36875,0.375,Mid
Paraguay,2021,102,37.347056,0,PRY,160,0.6375,0.36250000000000004,0.36875,Mid
Mongolia,2021,103,37.19721197,0,MNG,160,0.64375,0.35624999999999996,0.3625,Mid
Iraq,2021,104,36.93068457,0,IRQ,160,0.65,0.35,0.35625,Mid
Côte D'Ivoire,2021,105,36.70624068,0,CIV,160,0.65625,0.34375,0.35,Mid
Saint Lucia,2021,106,36.60854493,0,LCA,160,0.6625,0.3375,0.34375,Mid
Gabon,2021,107,36.50752942,0,GAB,160,0.66875,0.33125000000000004,0.3375,Mid
Senegal,2021,108,36.33866393,0,SEN,160,0.675,0.32499999999999996,0.33125,Bottom
Botswana,2021,109,36.32851619,0,BWA,160,0.68125,0.31875,0.325,Bottom
Bangladesh,2021,110,36.09945532,0,BGD,160,0.6875,0.3125,0.31875,Bottom
Cabo Verde,2021,111,36.0725509,0,CPV,160,0.69375,0.30625,0.3125,Bottom
Rwanda,2021,112,35.15812223,0,RWA,160,0.7,0.30000000000000004,0.30625,Bottom
Nigeria,2021,113,35.15364591,0,NGA,160,0.70625,0.29374999999999996,0.3,Bottom
Lao People's Democratic Republic,2021,114,34.93069603,0,LAO,160,0.7125,0.2875,0.29375,Bottom
Honduras,2021,115,34.91378879,0,HND,160,0.71875,0.28125,0.2875,Bottom
Papua New Guinea,2021,116,34.75322378,0,PNG,160,0.725,0.275,0.28125,Bottom
Pakistan,2021,117,34.02797097,0,PAK,160,0.73125,0.26875000000000004,0.275,Bottom
Bhutan,2021,118,34.02464587,0,BTN,160,0.7375,0.26249999999999996,0.26875,Bottom
Cambodia,2021,119,33.35277841,0,KHM,160,0.74375,0.25625,0.2625,Bottom
Namibia,2021,120,33.13770727,0,NAM,160,0.75,0.25,0.25625,Bottom
United Republic of Tanzania,2021,121,32.69103588,0,TZA,160,0.75625,0.24375000000000002,0.25,Bottom
Togo,2021,122,32.67579787,0,TGO,160,0.7625,0.23750000000000004,0.24375,Bottom
El Salvador,2021,123,32.41093072,0,SLV,160,0.76875,0.23124999999999996,0.2375,Bottom
Belize,2021,124,32.27647959,0,BLZ,160,0.775,0.22499999999999998,0.23125,Bottom
Guatemala,2021,125,32.25324754,0,GTM,160,0.78125,0.21875,0.225,Bottom
Burkina Faso,2021,126,32.24337189,0,BFA,160,0.7875,0.21250000000000002,0.21875,Bottom
Nepal,2021,127,31.92381466,0,NPL,160,0.79375,0.20625000000000004,0.2125,Bottom
Cameroon,2021,128,31.88317068,0,CMR,160,0.8,0.19999999999999996,0.20625,Bottom
Uganda,2021,129,31.75694309,0,UGA,160,0.80625,0.19374999999999998,0.2,Bottom
Bolivia,2021,130,31.62091026,0,BOL,160,0.8125,0.1875,0.19375,Bottom
Nicaragua,2021,131,31.57349015,0,NIC,160,0.81875,0.18125000000000002,0.1875,Bottom
Myanmar,2021,132,31.56724078,0,MMR,160,0.825,0.17500000000000004,0.18125,Bottom
Zambia,2021,133,31.21443781,0,ZMB,160,0.83125,0.16874999999999996,0.175,Bottom
Venezuela,2021,134,30.53735761,0,VEN,160,0.8375,0.16249999999999998,0.16875,Bottom
Gambia,2021,135,30.45293732,0,GMB,160,0.84375,0.15625,0.1625,Bottom
Congo,2021,136,30.419714,0,COG,160,0.85,0.15000000000000002,0.15625,Bottom
Cuba,2021,137,30.37906954,0,CUB,160,0.85625,0.14375000000000004,0.15,Bottom
Mali,2021,138,30.13971936,0,MLI,160,0.8625,0.13749999999999996,0.14375,Bottom
Lesotho,2021,139,29.84210131,0,LSO,160,0.86875,0.13124999999999998,0.1375,Bottom
Eswatini,2021,140,29.75608844,0,SWZ,160,0.875,0.125,0.13125,Bottom
Mauritania,2021,141,29.6239225,0,MRT,160,0.88125,0.11875000000000002,0.125,Bottom
Madagascar,2021,142,29.5299684,0,MDG,160,0.8875,0.11250000000000004,0.11875,Bottom
Sierra Leone,2021,143,29.39077071,0,SLE,160,0.89375,0.10624999999999996,0.1125,Bottom
Zimbabwe,2021,144,29.14901401,0,ZWE,160,0.9,0.09999999999999998,0.10625,Bottom
Benin,2021,145,28.7305943,0,BEN,160,0.90625,0.09375,0.1,Bottom
Liberia,2021,146,28.13823481,0,LBR,160,0.9125,0.08750000000000002,0.09375,Bottom
Ethiopia,2021,147,27.9477856,0,ETH,160,0.91875,0.08125000000000004,0.0875,Bottom
Niger,2021,148,27.80891145,0,NER,160,0.925,0.07499999999999996,0.08125,Bottom
Guinea,2021,149,27.54707074,0,GIN,160,0.93125,0.06874999999999998,0.075,Bottom
Mozambique,2021,150,26.23467412,0,MOZ,160,0.9375,0.0625,0.06875,Bottom
Sudan,2021,151,25.91396992,0,SDN,160,0.94375,0.05625000000000002,0.0625,Bottom
Haiti,2021,152,25.13503439,0,HTI,160,0.95,0.050000000000000044,0.05625,Bottom
Malawi,2021,153,24.84849018,0,MWI,160,0.95625,0.043749999999999956,0.05,Bottom
Afghanistan,2021,154,24.37809891,0,AFG,160,0.9625,0.03749999999999998,0.04375,Bottom
Chad,2021,155,24.00477702,0,TCD,160,0.96875,0.03125,0.0375,Bottom
Burundi,2021,156,23.7171165,0,BDI,160,0.975,0.025000000000000022,0.03125,Bottom
Democratic Republic of the Congo,2021,157,23.32239331,0,COD,160,0.98125,0.018750000000000044,0.025,Bottom
Angola,2021,158,22.86557857,0,AGO,160,0.9875,0.012499999999999956,0.01875,Bottom
Central African Republic,2021,159,20.73444159,0,CAF,160,0.99375,0.006249999999999978,0.0125,Bottom
Yemen,2021,160,17.92941373,0,YEM,160,1.0,0.0,0.00625,Bottom
United States of America,2022,1,85.72133804,0,USA,181,0.0055248618784530384,0.994475138121547,1.0,Top
Singapore,2022,2,84.1162602,0,SGP,181,0.011049723756906077,0.988950276243094,0.994475138121547,Top
United Kingdom,2022,3,78.54010209,0,GBR,181,0.016574585635359115,0.9834254143646409,0.988950276243094,Top
Finland,2022,4,77.59332703,0,FIN,181,0.022099447513812154,0.9779005524861879,0.9834254143646409,Top
Canada,2022,5,77.38916245,0,CAN,181,0.027624309392265192,0.9723756906077348,0.9779005524861878,Top
Republic of Korea,2022,6,76.75699843,0,KOR,181,0.03314917127071823,0.9668508287292817,0.9723756906077348,Top
France,2022,7,75.78358408,0,FRA,181,0.03867403314917127,0.9613259668508287,0.9668508287292817,Top
Australia,2022,8,75.29178001,0,AUS,181,0.04419889502762431,0.9558011049723757,0.9613259668508287,Top
Japan,2022,9,75.2536366,0,JPN,181,0.049723756906077346,0.9502762430939227,0.9558011049723757,Top
Netherlands,2022,10,75.11228339,0,NLD,181,0.055248618784530384,0.9447513812154696,0.9502762430939227,Top
Denmark,2022,11,74.79016756,0,DNK,181,0.06077348066298342,0.9392265193370166,0.9447513812154696,Top
Norway,2022,12,73.0897855,0,NOR,181,0.06629834254143646,0.9337016574585635,0.9392265193370166,Top
Sweden,2022,13,73.05606154,0,SWE,181,0.0718232044198895,0.9281767955801105,0.9337016574585635,Top
Taiwan,2022,14,72.78496134,0,TWN,181,0.07734806629834254,0.9226519337016574,0.9281767955801105,Top
Germany,2022,15,72.64159902,0,DEU,181,0.08287292817679558,0.9171270718232044,0.9226519337016574,Top
Austria,2022,16,71.49081059,0,AUT,181,0.08839779005524862,0.9116022099447514,0.9171270718232044,Top
China,2022,17,70.83634174,0,CHN,181,0.09392265193370165,0.9060773480662984,0.9116022099447514,Top
Ireland,2022,18,70.75787951,0,IRL,181,0.09944751381215469,0.9005524861878453,0.9060773480662984,Top
Estonia,2022,19,70.14246449,0,EST,181,0.10497237569060773,0.8950276243093923,0.9005524861878453,Top
Israel,2022,20,70.11641725,0,ISR,181,0.11049723756906077,0.8895027624309393,0.8950276243093923,Top
Belgium,2022,21,69.94696786,0,BEL,181,0.11602209944751381,0.8839779005524862,0.8895027624309392,Top
United Arab Emirates,2022,22,68.54401914,0,ARE,181,0.12154696132596685,0.8784530386740331,0.8839779005524862,Top
Switzerland,2022,23,68.49444385,0,CHE,181,0.1270718232044199,0.8729281767955801,0.8784530386740331,Top
Italy,2022,24,68.40631647,0,ITA,181,0.13259668508287292,0.8674033149171271,0.8729281767955801,Top
Portugal,2022,25,68.11883424,0,PRT,181,0.13812154696132597,0.861878453038674,0.8674033149171271,Top
Luxembourg,2022,26,67.90883906,0,LUX,181,0.143646408839779,0.856353591160221,0.861878453038674,Top
Spain,2022,27,67.82500746,0,ESP,181,0.14917127071823205,0.850828729281768,0.856353591160221,Top
New Zealand,2022,28,67.81782093,0,NZL,181,0.15469613259668508,0.8453038674033149,0.850828729281768,Top
Malaysia,2022,29,67.37403813,0,MYS,181,0.16022099447513813,0.8397790055248618,0.8453038674033149,Top
Czech Republic,2022,30,67.05055789,0,CZE,181,0.16574585635359115,0.8342541436464088,0.8397790055248618,Top
Thailand,2022,31,64.63063705,0,THA,181,0.1712707182320442,0.8287292817679558,0.8342541436464088,Top
India,2022,32,63.66522524,0,IND,181,0.17679558011049723,0.8232044198895028,0.8287292817679558,Top
Malta,2022,33,62.75184823,0,MLT,181,0.18232044198895028,0.8176795580110497,0.8232044198895028,Top
Poland,2022,34,62.65072579,0,POL,181,0.1878453038674033,0.8121546961325967,0.8176795580110497,Top
Chile,2022,35,62.51743318,0,CHL,181,0.19337016574585636,0.8066298342541436,0.8121546961325967,Top
Qatar,2022,36,62.37304734,0,QAT,181,0.19889502762430938,0.8011049723756907,0.8066298342541437,Top
Brazil,2022,37,62.36663855,0,BRA,181,0.20441988950276244,0.7955801104972375,0.8011049723756906,Top
Lithuania,2022,38,62.20182711,0,LTU,181,0.20994475138121546,0.7900552486187845,0.7955801104972375,Top
Saudi Arabia,2022,39,61.96247066,0,SAU,181,0.2154696132596685,0.7845303867403315,0.7900552486187845,Top
Russian Federation,2022,40,61.48426081,0,RUS,181,0.22099447513812154,0.7790055248618785,0.7845303867403315,Top
Slovenia,2022,41,61.4463947,0,SVN,181,0.2265193370165746,0.7734806629834254,0.7790055248618785,Top
Hungary,2022,42,61.43939487,0,HUN,181,0.23204419889502761,0.7679558011049724,0.7734806629834254,Top
Indonesia,2022,43,60.89255185,0,IDN,181,0.23756906077348067,0.7624309392265194,0.7679558011049724,Top
Bulgaria,2022,44,60.33310733,0,BGR,181,0.2430939226519337,0.7569060773480663,0.7624309392265194,Top
Iceland,2022,45,59.84295226,0,ISL,181,0.24861878453038674,0.7513812154696132,0.7569060773480663,Top
Latvia,2022,46,59.84242562,0,LVA,181,0.2541436464088398,0.7458563535911602,0.7513812154696132,Top
Colombia,2022,47,59.37944898,0,COL,181,0.2596685082872928,0.7403314917127072,0.7458563535911602,Top
Cyprus,2022,48,59.14788556,0,CYP,181,0.26519337016574585,0.7348066298342542,0.7403314917127072,Top
Turkey,2022,49,58.97375556,0,TUR,181,0.27071823204419887,0.7292817679558011,0.7348066298342542,Top
Greece,2022,50,58.56101347,0,GRC,181,0.27624309392265195,0.7237569060773481,0.7292817679558011,Top
Uruguay,2022,51,58.2470919,0,URY,181,0.281767955801105,0.718232044198895,0.7237569060773481,Top
Oman,2022,52,57.83051152,0,OMN,181,0.287292817679558,0.7127071823204421,0.7182320441988951,Top
Argentina,2022,53,57.38681671,0,ARG,181,0.292817679558011,0.7071823204419889,0.712707182320442,Top
Philippines,2022,54,55.41679531,0,PHL,181,0.2983425414364641,0.7016574585635359,0.7071823204419889,Top
Viet Nam,2022,55,53.96052747,0,VNM,181,0.30386740331491713,0.6961325966850829,0.7016574585635359,Top
Bahrain,2022,56,53.59440928,0,BHR,181,0.30939226519337015,0.6906077348066298,0.6961325966850829,Top
Mauritius,2022,57,53.38242963,0,MUS,181,0.3149171270718232,0.6850828729281768,0.6906077348066298,Top
Romania,2022,58,53.29633,0,ROU,181,0.32044198895027626,0.6795580110497237,0.6850828729281768,Top
Serbia,2022,59,52.96174925,0,SRB,181,0.3259668508287293,0.6740331491712708,0.6795580110497238,Top
Ukraine,2022,60,52.79602255,0,UKR,181,0.3314917127071823,0.6685082872928176,0.6740331491712708,Top
Peru,2022,61,51.97236356,0,PER,181,0.3370165745856354,0.6629834254143646,0.6685082872928176,Top
Mexico,2022,62,51.78355316,0,MEX,181,0.3425414364640884,0.6574585635359116,0.6629834254143646,Mid
Jordan,2022,63,51.76399042,0,JOR,181,0.34806629834254144,0.6519337016574586,0.6574585635359116,Mid
Slovakia,2022,64,51.22626911,0,SVK,181,0.35359116022099446,0.6464088397790055,0.6519337016574586,Mid
Egypt,2022,65,49.41720556,0,EGY,181,0.35911602209944754,0.6408839779005524,0.6464088397790055,Mid
Croatia,2022,66,48.58505521,0,HRV,181,0.36464088397790057,0.6353591160220995,0.6408839779005525,Mid
Brunei Darussalam,2022,67,48.05568313,0,BRN,181,0.3701657458563536,0.6298342541436464,0.6353591160220995,Mid
South Africa,2022,68,47.74442738,0,ZAF,181,0.3756906077348066,0.6243093922651934,0.6298342541436464,Mid
Kuwait,2022,69,47.67990454,0,KWT,181,0.3812154696132597,0.6187845303867403,0.6243093922651933,Mid
Tunisia,2022,70,46.80606294,0,TUN,181,0.3867403314917127,0.6132596685082873,0.6187845303867403,Mid
North Macedonia,2022,71,46.10847621,0,MKD,181,0.39226519337016574,0.6077348066298343,0.6132596685082873,Mid
Kazakhstan,2022,72,45.78086433,0,KAZ,181,0.39779005524861877,0.6022099447513812,0.6077348066298343,Mid
Lebanon,2022,73,45.71549399,0,LBN,181,0.40331491712707185,0.5966850828729282,0.6022099447513812,Mid
Azerbaijan,2022,74,45.55120353,0,AZE,181,0.4088397790055249,0.5911602209944751,0.5966850828729282,Mid
Iran,2022,75,45.29521769,0,IRN,181,0.4143646408839779,0.5856353591160222,0.5911602209944752,Mid
Montenegro,2022,76,45.19895959,0,MNE,181,0.4198895027624309,0.580110497237569,0.585635359116022,Mid
Andorra,2022,77,45.15885579,0,AND,181,0.425414364640884,0.574585635359116,0.580110497237569,Mid
Costa Rica,2022,78,44.96926052,0,CRI,181,0.430939226519337,0.569060773480663,0.574585635359116,Mid
Uzbekistan,2022,79,44.50639995,0,UZB,181,0.43646408839779005,0.56353591160221,0.569060773480663,Mid
Bangladesh,2022,80,43.62840762,0,BGD,181,0.4419889502762431,0.5580110497237569,0.56353591160221,Mid
Dominican Republic,2022,81,42.15738701,0,DOM,181,0.44751381215469616,0.5524861878453038,0.5580110497237569,Mid
Albania,2022,82,42.0977979,0,ALB,181,0.4530386740331492,0.5469613259668509,0.5524861878453039,Mid
Republic of Moldova,2022,83,42.03558654,0,MDA,181,0.4585635359116022,0.5414364640883977,0.5469613259668509,Mid
Armenia,2022,84,41.91047934,0,ARM,181,0.46408839779005523,0.5359116022099448,0.5414364640883977,Mid
Fiji,2022,85,41.75570206,0,FJI,181,0.4696132596685083,0.5303867403314917,0.5359116022099447,Mid
Panama,2022,86,41.48689612,0,PAN,181,0.47513812154696133,0.5248618784530387,0.5303867403314917,Mid
Morocco,2022,87,41.31130191,0,MAR,181,0.48066298342541436,0.5193370165745856,0.5248618784530387,Mid
Georgia,2022,88,40.79056687,0,GEO,181,0.4861878453038674,0.5138121546961326,0.5193370165745856,Mid
Bahamas,2022,89,40.74236429,0,BHS,181,0.49171270718232046,0.5082872928176796,0.5138121546961326,Mid
Kenya,2022,90,40.35660716,0,KEN,181,0.4972375690607735,0.5027624309392265,0.5082872928176796,Mid
Belarus,2022,91,40.27136657,0,BLR,181,0.5027624309392266,0.49723756906077343,0.5027624309392266,Mid
Pakistan,2022,92,40.22052841,0,PAK,181,0.5082872928176796,0.4917127071823204,0.4972375690607735,Mid
Rwanda,2022,93,40.20366886,0,RWA,181,0.5138121546961326,0.4861878453038674,0.49171270718232046,Mid
Seychelles,2022,94,39.87192314,0,SYC,181,0.5193370165745856,0.48066298342541436,0.4861878453038674,Mid
Tonga,2022,95,39.80367582,0,TON,181,0.5248618784530387,0.47513812154696133,0.48066298342541436,Mid
Barbados,2022,96,39.53011484,0,BRB,181,0.5303867403314917,0.4696132596685083,0.47513812154696133,Mid
Nigeria,2022,97,39.10120996,0,NGA,181,0.5359116022099447,0.4640883977900553,0.4696132596685083,Mid
Botswana,2022,98,38.36432707,0,BWA,181,0.5414364640883977,0.45856353591160226,0.46408839779005523,Mid
Bhutan,2022,99,37.91424365,0,BTN,181,0.5469613259668509,0.4530386740331491,0.4585635359116022,Mid
Antigua and Barbuda,2022,100,37.91159431,0,ATG,181,0.5524861878453039,0.4475138121546961,0.4530386740331492,Mid
Ecuador,2022,101,37.3586778,0,ECU,181,0.5580110497237569,0.4419889502762431,0.44751381215469616,Mid
Mongolia,2022,102,37.21364782,0,MNG,181,0.56353591160221,0.43646408839779005,0.4419889502762431,Mid
Jamaica,2022,103,37.09045226,0,JAM,181,0.569060773480663,0.430939226519337,0.43646408839779005,Mid
Ghana,2022,104,36.56305785,0,GHA,181,0.574585635359116,0.425414364640884,0.430939226519337,Mid
Sri Lanka,2022,105,36.23061644,0,LKA,181,0.580110497237569,0.419889502762431,0.425414364640884,Mid
Trinidad and Tobago,2022,106,36.1712009,0,TTO,181,0.585635359116022,0.41436464088397795,0.4198895027624309,Mid
Saint Lucia,2022,107,35.85863778,0,LCA,181,0.5911602209944752,0.4088397790055248,0.4143646408839779,Mid
Benin,2022,108,35.83543571,0,BEN,181,0.5966850828729282,0.4033149171270718,0.4088397790055249,Mid
Tajikistan,2022,109,35.83071587,0,TJK,181,0.6022099447513812,0.39779005524861877,0.40331491712707185,Mid
Paraguay,2022,110,35.45868855,0,PRY,181,0.6077348066298343,0.39226519337016574,0.39779005524861877,Mid
Algeria,2022,111,35.32545863,0,DZA,181,0.6132596685082873,0.3867403314917127,0.39226519337016574,Mid
Bosnia and Herzegovina,2022,112,35.16653037,0,BIH,181,0.6187845303867403,0.3812154696132597,0.3867403314917127,Mid
Suriname,2022,113,35.10760082,0,SUR,181,0.6243093922651933,0.37569060773480667,0.3812154696132597,Mid
Guatemala,2022,114,34.92596868,0,GTM,181,0.6298342541436464,0.37016574585635365,0.3756906077348066,Mid
Namibia,2022,115,34.56777823,0,NAM,181,0.6353591160220995,0.3646408839779005,0.3701657458563536,Mid
Senegal,2022,116,34.51097098,0,SEN,181,0.6408839779005525,0.3591160220994475,0.36464088397790057,Mid
Grenada,2022,117,34.39033175,0,GRD,181,0.6464088397790055,0.35359116022099446,0.35911602209944754,Mid
Cabo Verde,2022,118,34.27404409,0,CPV,181,0.6519337016574586,0.34806629834254144,0.35359116022099446,Mid
Kyrgyzstan,2022,119,33.90924499,0,KGZ,181,0.6574585635359116,0.3425414364640884,0.34806629834254144,Mid
Saint Vincent and the Grenadines,2022,120,33.70891003,0,VCT,181,0.6629834254143646,0.3370165745856354,0.3425414364640884,Mid
Maldives,2022,121,33.53552338,0,MDV,181,0.6685082872928176,0.33149171270718236,0.3370165745856354,Mid
Guyana,2022,122,33.51820323,0,GUY,181,0.6740331491712708,0.3259668508287292,0.3314917127071823,Bottom
Uganda,2022,123,32.65923191,0,UGA,181,0.6795580110497238,0.3204419889502762,0.3259668508287293,Bottom
Bolivia,2022,124,32.55578829,0,BOL,181,0.6850828729281768,0.3149171270718232,0.32044198895027626,Bottom
United Republic of Tanzania,2022,125,32.49772202,0,TZA,181,0.6906077348066298,0.30939226519337015,0.3149171270718232,Bottom
Myanmar,2022,126,32.44565026,0,MMR,181,0.6961325966850829,0.30386740331491713,0.30939226519337015,Bottom
Gabon,2022,127,32.42445285,0,GAB,181,0.7016574585635359,0.2983425414364641,0.30386740331491713,Bottom
Turkmenistan,2022,128,31.94984039,0,TKM,181,0.7071823204419889,0.2928176795580111,0.2983425414364641,Bottom
Lao People's Democratic Republic,2022,129,31.71862863,0,LAO,181,0.712707182320442,0.28729281767955805,0.292817679558011,Bottom
Cuba,2022,130,31.5867537,0,CUB,181,0.7182320441988951,0.2817679558011049,0.287292817679558,Bottom
Iraq,2022,131,31.52182498,0,IRQ,181,0.7237569060773481,0.2762430939226519,0.281767955801105,Bottom
Cambodia,2022,132,31.1652904,0,KHM,181,0.7292817679558011,0.27071823204419887,0.27624309392265195,Bottom
Vanuatu,2022,133,31.10658853,0,VUT,181,0.7348066298342542,0.26519337016574585,0.27071823204419887,Bottom
Honduras,2022,134,31.04337178,0,HND,181,0.7403314917127072,0.2596685082872928,0.26519337016574585,Bottom
El Salvador,2022,135,30.95748673,0,SLV,181,0.7458563535911602,0.2541436464088398,0.2596685082872928,Bottom
Côte D'Ivoire,2022,136,30.95367673,0,CIV,181,0.7513812154696132,0.24861878453038677,0.2541436464088398,Bottom
Timor-Leste,2022,137,30.86326755,0,TLS,181,0.7569060773480663,0.24309392265193375,0.24861878453038674,Bottom
Cameroon,2022,138,30.76487031,0,CMR,181,0.7624309392265194,0.2375690607734806,0.2430939226519337,Bottom
Nepal,2022,139,30.75440133,0,NPL,181,0.7679558011049724,0.2320441988950276,0.23756906077348067,Bottom
Solomon Islands,2022,140,30.57767234,0,SLB,181,0.7734806629834254,0.22651933701657456,0.23204419889502761,Bottom
Papua New Guinea,2022,141,30.5489561,0,PNG,181,0.7790055248618785,0.22099447513812154,0.2265193370165746,Bottom
Samoa,2022,142,30.11334049,0,WSM,181,0.7845303867403315,0.2154696132596685,0.22099447513812154,Bottom
Belize,2022,143,29.98340518,0,BLZ,181,0.7900552486187845,0.2099447513812155,0.2154696132596685,Bottom
Djibouti,2022,144,29.84752363,0,DJI,181,0.7955801104972375,0.20441988950276246,0.20994475138121546,Bottom
Togo,2022,145,29.8249018,0,TGO,181,0.8011049723756906,0.19889502762430944,0.20441988950276244,Bottom
Zambia,2022,146,29.63139333,0,ZMB,181,0.8066298342541437,0.1933701657458563,0.19889502762430938,Bottom
Venezuela,2022,147,29.32769227,0,VEN,181,0.8121546961325967,0.18784530386740328,0.19337016574585636,Bottom
Zimbabwe,2022,148,29.26484257,0,ZWE,181,0.8176795580110497,0.18232044198895025,0.1878453038674033,Bottom
Libya,2022,149,28.8386696,0,LBY,181,0.8232044198895028,0.17679558011049723,0.18232044198895028,Bottom
Mauritania,2022,150,28.40270536,0,MRT,181,0.8287292817679558,0.1712707182320442,0.17679558011049723,Bottom
Nicaragua,2022,151,28.33073126,0,NIC,181,0.8342541436464088,0.16574585635359118,0.1712707182320442,Bottom
Madagascar,2022,152,28.2580958,0,MDG,181,0.8397790055248618,0.16022099447513816,0.16574585635359115,Bottom
Gambia,2022,153,27.96448778,0,GMB,181,0.8453038674033149,0.15469613259668513,0.16022099447513813,Bottom
Kiribati,2022,154,27.81847565,0,KIR,181,0.850828729281768,0.149171270718232,0.15469613259668508,Bottom
Guinea,2022,155,27.81521975,0,GIN,181,0.856353591160221,0.14364640883977897,0.14917127071823205,Bottom
Sao Tome and Principe,2022,156,27.62111982,0,STP,181,0.861878453038674,0.13812154696132595,0.143646408839779,Bottom
Mali,2022,157,27.33914838,0,MLI,181,0.8674033149171271,0.13259668508287292,0.13812154696132597,Bottom
Congo,2022,158,26.20229526,0,COG,181,0.8729281767955801,0.1270718232044199,0.13259668508287292,Bottom
Burkina Faso,2022,159,26.20130301,0,BFA,181,0.8784530386740331,0.12154696132596687,0.1270718232044199,Bottom
Lesotho,2022,160,26.13355368,0,LSO,181,0.8839779005524862,0.11602209944751385,0.12154696132596685,Bottom
Eswatini,2022,161,25.45708209,0,SWZ,181,0.8895027624309392,0.11049723756906082,0.11602209944751381,Bottom
Ethiopia,2022,162,25.30098938,0,ETH,181,0.8950276243093923,0.10497237569060769,0.11049723756906077,Bottom
Angola,2022,163,24.76924364,0,AGO,181,0.9005524861878453,0.09944751381215466,0.10497237569060773,Bottom
Sierra Leone,2022,164,24.49171892,0,SLE,181,0.9060773480662984,0.09392265193370164,0.09944751381215469,Bottom
Malawi,2022,165,24.459898,0,MWI,181,0.9116022099447514,0.08839779005524862,0.09392265193370165,Bottom
Comoros,2022,166,23.81933921,0,COM,181,0.9171270718232044,0.08287292817679559,0.08839779005524862,Bottom
Niger,2022,167,23.72363429,0,NER,181,0.9226519337016574,0.07734806629834257,0.08287292817679558,Bottom
Guinea Bissau,2022,168,22.82405378,0,GNB,181,0.9281767955801105,0.07182320441988954,0.07734806629834254,Bottom
Sudan,2022,169,22.5547595,0,SDN,181,0.9337016574585635,0.06629834254143652,0.0718232044198895,Bottom
Mozambique,2022,170,22.54020961,0,MOZ,181,0.9392265193370166,0.06077348066298338,0.06629834254143646,Bottom
Liberia,2022,171,22.09001172,0,LBR,181,0.9447513812154696,0.05524861878453036,0.06077348066298342,Bottom
Chad,2022,172,20.57569578,0,TCD,181,0.9502762430939227,0.04972375690607733,0.055248618784530384,Bottom
Burundi,2022,173,20.52919336,0,BDI,181,0.9558011049723757,0.04419889502762431,0.049723756906077346,Bottom
Democratic Republic of the Congo,2022,174,20.21793742,0,COD,181,0.9613259668508287,0.03867403314917128,0.04419889502762431,Bottom
Eritrea,2022,175,20.16632518,0,ERI,181,0.9668508287292817,0.03314917127071826,0.03867403314917127,Bottom
Central African Republic,2022,176,19.90049863,0,CAF,181,0.9723756906077348,0.027624309392265234,0.03314917127071823,Bottom
South Sudan,2022,177,19.45429849,0,SSD,181,0.9779005524861878,0.02209944751381221,0.027624309392265192,Bottom
Haiti,2022,178,18.60688175,0,HTI,181,0.9834254143646409,0.016574585635359074,0.022099447513812154,Bottom
Yemen,2022,179,17.3219318,0,YEM,181,0.988950276243094,0.011049723756906049,0.016574585635359115,Bottom
Syrian Arab Republic,2022,180,16.04024825,0,SYR,181,0.994475138121547,0.0055248618784530246,0.011049723756906077,Bottom
Afghanistan,2022,181,13.45795858,0,AFG,181,1.0,0.0,0.0055248618784530384,Bottom
United States of America,2023,1,84.79617127,0,USA,193,0.0051813471502590676,0.9948186528497409,1.0,Top
Singapore,2023,2,81.97096482,0,SGP,193,0.010362694300518135,0.9896373056994818,0.9948186528497409,Top
United Kingdom of Great Britain and Northern Ireland,2023,3,78.57223041,0,GBR,193,0.015544041450777202,0.9844559585492227,0.9896373056994818,Top
Finland,2023,4,77.36514132,0,FIN,193,0.02072538860103627,0.9792746113989638,0.9844559585492227,Top
Canada,2023,5,77.0688933,0,CAN,193,0.025906735751295335,0.9740932642487047,0.9792746113989638,Top
France,2023,6,76.0747579,0,FRA,193,0.031088082901554404,0.9689119170984456,0.9740932642487047,Top
Republic of Korea,2023,7,75.64511212,0,KOR,193,0.03626943005181347,0.9637305699481865,0.9689119170984456,Top
Germany,2023,8,75.26152044,0,DEU,193,0.04145077720207254,0.9585492227979274,0.9637305699481865,Top
Japan,2023,9,75.07579217,0,JPN,193,0.046632124352331605,0.9533678756476685,0.9585492227979274,Top
Netherlands,2023,10,74.46899594,0,NLD,193,0.05181347150259067,0.9481865284974094,0.9533678756476683,Top
Denmark,2023,11,73.91202307,0,DNK,193,0.05699481865284974,0.9430051813471503,0.9481865284974094,Top
Australia,2023,12,73.8886426,0,AUS,193,0.06217616580310881,0.9378238341968912,0.9430051813471503,Top
Norway,2023,13,72.71208818,0,NOR,193,0.06735751295336788,0.9326424870466321,0.9378238341968912,Top
Sweden,2023,14,72.55428782,0,SWE,193,0.07253886010362694,0.927461139896373,0.9326424870466321,Top
Austria,2023,15,72.36579509,0,AUT,193,0.07772020725388601,0.9222797927461139,0.927461139896373,Top
China,2023,16,70.94344937,0,CHN,193,0.08290155440414508,0.917098445595855,0.9222797927461139,Top
Estonia,2023,17,70.86482958,0,EST,193,0.08808290155440414,0.9119170984455959,0.917098445595855,Top
United Arab Emirates,2023,18,70.42303308,0,ARE,193,0.09326424870466321,0.9067357512953368,0.9119170984455959,Top
Taiwan,2023,19,70.25307405,0,TWN,193,0.09844559585492228,0.9015544041450777,0.9067357512953368,Top
Ireland,2023,20,69.82192222,0,IRL,193,0.10362694300518134,0.8963730569948186,0.9015544041450777,Top
Iceland,2023,21,69.5940496,0,ISL,193,0.10880829015544041,0.8911917098445596,0.8963730569948186,Top
Luxembourg,2023,22,69.40775632,0,LUX,193,0.11398963730569948,0.8860103626943006,0.8911917098445595,Top
Malaysia,2023,23,68.7072292,0,MYS,193,0.11917098445595854,0.8808290155440415,0.8860103626943006,Top
Switzerland,2023,24,68.5683896,0,CHE,193,0.12435233160621761,0.8756476683937824,0.8808290155440415,Top
Portugal,2023,25,68.28168555,0,PRT,193,0.12953367875647667,0.8704663212435233,0.8756476683937824,Top
Italy,2023,26,67.62584509,0,ITA,193,0.13471502590673576,0.8652849740932642,0.8704663212435233,Top
Spain,2023,27,67.47437476,0,ESP,193,0.13989637305699482,0.8601036269430051,0.8652849740932642,Top
Belgium,2023,28,67.28440384,0,BEL,193,0.14507772020725387,0.8549222797927462,0.8601036269430051,Top
Saudi Arabia,2023,29,67.04188134,0,SAU,193,0.15025906735751296,0.8497409326424871,0.8549222797927462,Top
Israel,2023,30,65.4642356,0,ISR,193,0.15544041450777202,0.844559585492228,0.8497409326424871,Top
Czechia,2023,31,65.17046981,0,CZE,193,0.16062176165803108,0.8393782383419689,0.844559585492228,Top
Brazil,2023,32,63.69915943,0,BRA,193,0.16580310880829016,0.8341968911917098,0.8393782383419689,Top
Malta,2023,33,63.64436289,0,MLT,193,0.17098445595854922,0.8290155440414508,0.8341968911917098,Top
Qatar,2023,34,63.586363,0,QAT,193,0.17616580310880828,0.8238341968911918,0.8290155440414507,Top
Lithuania,2023,35,63.33225365,0,LTU,193,0.18134715025906736,0.8186528497409327,0.8238341968911918,Top
Poland,2023,36,63.09568429,0,POL,193,0.18652849740932642,0.8134715025906736,0.8186528497409327,Top
Thailand,2023,37,63.03262655,0,THA,193,0.19170984455958548,0.8082901554404145,0.8134715025906736,Top
Russian Federation,2023,38,62.92297762,0,RUS,193,0.19689119170984457,0.8031088082901554,0.8082901554404145,Top
Slovenia,2023,39,62.63475187,0,SVN,193,0.20207253886010362,0.7979274611398963,0.8031088082901554,Top
India,2023,40,62.57800735,0,IND,193,0.20725388601036268,0.7927461139896373,0.7979274611398963,Top
Chile,2023,41,61.94839002,0,CHL,193,0.21243523316062177,0.7875647668393783,0.7927461139896373,Top
Indonesia,2023,42,61.03492368,0,IDN,193,0.21761658031088082,0.7823834196891192,0.7875647668393783,Top
Cyprus,2023,43,60.84003033,0,CYP,193,0.22279792746113988,0.7772020725388601,0.7823834196891192,Top
Slovakia,2023,44,60.73476979,0,SVK,193,0.22797927461139897,0.772020725388601,0.7772020725388601,Top
Hungary,2023,45,60.66027035,0,HUN,193,0.23316062176165803,0.766839378238342,0.772020725388601,Top
Uruguay,2023,46,60.57175304,0,URY,193,0.23834196891191708,0.7616580310880829,0.7668393782383419,Top
Türkiye,2023,47,60.50820969,0,TUR,193,0.24352331606217617,0.7564766839378239,0.7616580310880829,Top
Latvia,2023,48,60.30099482,0,LVA,193,0.24870466321243523,0.7512953367875648,0.7564766839378239,Top
New Zealand,2023,49,60.18468167,0,NZL,193,0.2538860103626943,0.7461139896373057,0.7512953367875648,Top
Oman,2023,50,58.93723222,0,OMN,193,0.25906735751295334,0.7409326424870466,0.7461139896373057,Top
Bulgaria,2023,51,58.64499758,0,BGR,193,0.26424870466321243,0.7357512953367875,0.7409326424870466,Top
Greece,2023,52,57.94965354,0,GRC,193,0.2694300518134715,0.7305699481865284,0.7357512953367875,Top
Colombia,2023,53,57.85276011,0,COL,193,0.27461139896373055,0.7253886010362695,0.7305699481865285,Top
Argentina,2023,54,57.72417372,0,ARG,193,0.27979274611398963,0.7202072538860104,0.7253886010362695,Top
Jordan,2023,55,56.8468117,0,JOR,193,0.2849740932642487,0.7150259067357513,0.7202072538860104,Top
Bahrain,2023,56,56.13114214,0,BHR,193,0.29015544041450775,0.7098445595854923,0.7150259067357513,Top
Serbia,2023,57,55.57212047,0,SRB,193,0.29533678756476683,0.7046632124352332,0.7098445595854922,Top
Peru,2023,58,54.8722902,0,PER,193,0.3005181347150259,0.6994818652849741,0.7046632124352331,Top
Viet Nam,2023,59,54.48001397,0,VNM,193,0.30569948186528495,0.694300518134715,0.6994818652849741,Top
Ukraine,2023,60,53.28654288,0,UKR,193,0.31088082901554404,0.689119170984456,0.694300518134715,Top
Mauritius,2023,61,53.2671014,0,MUS,193,0.3160621761658031,0.6839378238341969,0.689119170984456,Top
Egypt,2023,62,52.6929229,0,EGY,193,0.32124352331606215,0.6787564766839378,0.6839378238341969,Top
Liechtenstein,2023,63,52.63448412,0,LIE,193,0.32642487046632124,0.6735751295336787,0.6787564766839378,Top
Romania,2023,64,52.31981092,0,ROU,193,0.3316062176165803,0.6683937823834196,0.6735751295336787,Top
Philippines,2023,65,51.97820876,0,PHL,193,0.33678756476683935,0.6632124352331606,0.6683937823834197,Top
Dominican Republic,2023,66,50.71305278,0,DOM,193,0.34196891191709844,0.6580310880829016,0.6632124352331606,Mid
Monaco,2023,67,50.50433586,0,MCO,193,0.3471502590673575,0.6528497409326425,0.6580310880829016,Mid
Mexico,2023,68,50.37334308,0,MEX,193,0.35233160621761656,0.6476683937823835,0.6528497409326425,Mid
Kuwait,2023,69,49.85706104,0,KWT,193,0.35751295336787564,0.6424870466321244,0.6476683937823834,Mid
Croatia,2023,70,49.34199305,0,HRV,193,0.3626943005181347,0.6373056994818653,0.6424870466321243,Mid
Costa Rica,2023,71,49.12279778,0,CRI,193,0.36787564766839376,0.6321243523316062,0.6373056994818653,Mid
Kazakhstan,2023,72,48.55608275,0,KAZ,193,0.37305699481865284,0.6269430051813472,0.6321243523316062,Mid
Azerbaijan,2023,73,48.15205153,0,AZE,193,0.37823834196891193,0.6217616580310881,0.6269430051813472,Mid
Brunei Darussalam,2023,74,48.09942959,0,BRN,193,0.38341968911917096,0.616580310880829,0.6217616580310881,Mid
San Marino,2023,75,48.08421492,0,SMR,193,0.38860103626943004,0.6113989637305699,0.616580310880829,Mid
Lebanon,2023,76,47.61870616,0,LBN,193,0.39378238341968913,0.6062176165803108,0.6113989637305699,Mid
South Africa,2023,77,47.27824677,0,ZAF,193,0.39896373056994816,0.6010362694300518,0.6062176165803109,Mid
Montenegro,2023,78,47.1475604,0,MNE,193,0.40414507772020725,0.5958549222797928,0.6010362694300518,Mid
Nauru,2023,79,46.74580573,0,NRU,193,0.40932642487046633,0.5906735751295337,0.5958549222797928,Mid
Andorra,2023,80,46.25424863,0,AND,193,0.41450777202072536,0.5854922279792747,0.5906735751295337,Mid
Tunisia,2023,81,46.07375273,0,TUN,193,0.41968911917098445,0.5803108808290156,0.5854922279792746,Mid
Bangladesh,2023,82,46.04283084,0,BGD,193,0.42487046632124353,0.5751295336787565,0.5803108808290155,Mid
North Macedonia,2023,83,45.40465829,0,MKD,193,0.43005181347150256,0.5699481865284974,0.5751295336787565,Mid
Rwanda,2023,84,45.38673728,0,RWA,193,0.43523316062176165,0.5647668393782384,0.5699481865284974,Mid
Armenia,2023,85,45.21531546,0,ARM,193,0.44041450777202074,0.5595854922279793,0.5647668393782384,Mid
Panama,2023,86,43.91332742,0,PAN,193,0.44559585492227977,0.5544041450777202,0.5595854922279793,Mid
Uzbekistan,2023,87,43.78954115,0,UZB,193,0.45077720207253885,0.5492227979274611,0.5544041450777202,Mid
Morocco,2023,88,43.33900818,0,MAR,193,0.45595854922279794,0.544041450777202,0.5492227979274611,Mid
Albania,2023,89,43.26239362,0,ALB,193,0.46113989637305697,0.538860103626943,0.5440414507772021,Mid
Republic of Moldova,2023,90,42.97129514,0,MDA,193,0.46632124352331605,0.533678756476684,0.538860103626943,Mid
Senegal,2023,91,42.58345092,0,SEN,193,0.47150259067357514,0.5284974093264249,0.533678756476684,Mid
Pakistan,2023,92,42.20012541,0,PAK,193,0.47668393782383417,0.5233160621761659,0.5284974093264249,Mid
Bahamas,2023,93,42.14236214,0,BHS,193,0.48186528497409326,0.5181347150259068,0.5233160621761658,Mid
Iran (Islamic Republic of),2023,94,42.07324885,0,IRN,193,0.48704663212435234,0.5129533678756477,0.5181347150259067,Mid
Sri Lanka,2023,95,41.8893437,0,LKA,193,0.49222797927461137,0.5077720207253886,0.5129533678756477,Mid
Fiji,2023,96,41.56883237,0,FJI,193,0.49740932642487046,0.5025906735751295,0.5077720207253886,Mid
Benin,2023,97,41.37191592,0,BEN,193,0.5025906735751295,0.49740932642487046,0.5025906735751295,Mid
Jamaica,2023,98,41.31633222,0,JAM,193,0.5077720207253886,0.49222797927461137,0.49740932642487046,Mid
Georgia,2023,99,41.26650193,0,GEO,193,0.5129533678756477,0.4870466321243523,0.49222797927461137,Mid
Ecuador,2023,100,40.83861731,0,ECU,193,0.5181347150259067,0.4818652849740933,0.48704663212435234,Mid
Kenya,2023,101,40.18580433,0,KEN,193,0.5233160621761658,0.4766839378238342,0.48186528497409326,Mid
Barbados,2023,102,40.13321614,0,BRB,193,0.5284974093264249,0.47150259067357514,0.47668393782383417,Mid
Nigeria,2023,103,39.87877496,0,NGA,193,0.533678756476684,0.46632124352331605,0.47150259067357514,Mid
Trinidad and Tobago,2023,104,39.44275869,0,TTO,193,0.538860103626943,0.46113989637305697,0.46632124352331605,Mid
Antigua and Barbuda,2023,105,39.41080516,0,ATG,193,0.5440414507772021,0.4559585492227979,0.46113989637305697,Mid
Saint Kitts and Nevis,2023,106,39.23383354,0,KNA,193,0.5492227979274611,0.4507772020725389,0.45595854922279794,Mid
Belarus,2023,107,39.20286213,0,BLR,193,0.5544041450777202,0.4455958549222798,0.45077720207253885,Mid
Tonga,2023,108,39.00745952,0,TON,193,0.5595854922279793,0.44041450777202074,0.44559585492227977,Mid
Mongolia,2023,109,38.98928752,0,MNG,193,0.5647668393782384,0.43523316062176165,0.44041450777202074,Mid
Botswana,2023,110,38.83923461,0,BWA,193,0.5699481865284974,0.43005181347150256,0.43523316062176165,Mid
Tajikistan,2023,111,38.78247405,0,TJK,193,0.5751295336787565,0.4248704663212435,0.43005181347150256,Mid
Seychelles,2023,112,38.10561952,0,SYC,193,0.5803108808290155,0.4196891191709845,0.42487046632124353,Mid
Tuvalu,2023,113,37.45304448,0,TUV,193,0.5854922279792746,0.4145077720207254,0.41968911917098445,Mid
Bhutan,2023,114,36.87905685,0,BTN,193,0.5906735751295337,0.40932642487046633,0.41450777202072536,Mid
Paraguay,2023,115,36.85412454,0,PRY,193,0.5958549222797928,0.40414507772020725,0.40932642487046633,Mid
Guyana,2023,116,36.7932748,0,GUY,193,0.6010362694300518,0.39896373056994816,0.40414507772020725,Mid
Bosnia and Herzegovina,2023,117,36.48814846,0,BIH,193,0.6062176165803109,0.3937823834196891,0.39896373056994816,Mid
Saint Lucia,2023,118,36.46491071,0,LCA,193,0.6113989637305699,0.3886010362694301,0.39378238341968913,Mid
Cabo Verde,2023,119,36.29975864,0,CPV,193,0.616580310880829,0.383419689119171,0.38860103626943004,Mid
Algeria,2023,120,35.98810889,0,DZA,193,0.6217616580310881,0.37823834196891193,0.38341968911917096,Mid
Guatemala,2023,121,35.75753858,0,GTM,193,0.6269430051813472,0.37305699481865284,0.37823834196891193,Mid
Marshall Islands,2023,122,35.70297129,0,MHL,193,0.6321243523316062,0.36787564766839376,0.37305699481865284,Mid
Cuba,2023,123,35.52053817,0,CUB,193,0.6373056994818653,0.36269430051813467,0.36787564766839376,Mid
Suriname,2023,124,35.51765043,0,SUR,193,0.6424870466321243,0.3575129533678757,0.3626943005181347,Mid
Namibia,2023,125,35.3730031,0,NAM,193,0.6476683937823834,0.3523316062176166,0.35751295336787564,Mid
Bolivia (Plurinational State of),2023,126,35.25033938,0,BOL,193,0.6528497409326425,0.3471502590673575,0.35233160621761656,Mid
Dominica,2023,127,34.81908485,0,DMA,193,0.6580310880829016,0.34196891191709844,0.3471502590673575,Mid
Grenada,2023,128,34.63095618,0,GRD,193,0.6632124352331606,0.33678756476683935,0.34196891191709844,Mid
Belize,2023,129,34.2435614,0,BLZ,193,0.6683937823834197,0.33160621761658027,0.33678756476683935,Mid
Saint Vincent and the Grenadines,2023,130,34.13221331,0,VCT,193,0.6735751295336787,0.3264248704663213,0.3316062176165803,Bottom
Kyrgyzstan,2023,131,34.09800116,0,KGZ,193,0.6787564766839378,0.3212435233160622,0.32642487046632124,Bottom
Uganda,2023,132,33.43858135,0,UGA,193,0.6839378238341969,0.3160621761658031,0.32124352331606215,Bottom
Iraq,2023,133,33.39561913,0,IRQ,193,0.689119170984456,0.31088082901554404,0.3160621761658031,Bottom
State of Palestine,2023,134,33.13922995,0,PSE,193,0.694300518134715,0.30569948186528495,0.31088082901554404,Bottom
Gabon,2023,135,33.09015799,0,GAB,193,0.6994818652849741,0.30051813471502586,0.30569948186528495,Bottom
Lao People's Democratic Republic,2023,136,33.05352563,0,LAO,193,0.7046632124352331,0.2953367875647669,0.3005181347150259,Bottom
United Republic of Tanzania,2023,137,32.86338241,0,TZA,193,0.7098445595854922,0.2901554404145078,0.29533678756476683,Bottom
Côte D'Ivoire,2023,138,32.78138909,0,CIV,193,0.7150259067357513,0.2849740932642487,0.29015544041450775,Bottom
Honduras,2023,139,32.63199659,0,HND,193,0.7202072538860104,0.27979274611398963,0.2849740932642487,Bottom
Ethiopia,2023,140,32.58526198,0,ETH,193,0.7253886010362695,0.27461139896373055,0.27979274611398963,Bottom
Ghana,2023,141,32.58404214,0,GHA,193,0.7305699481865285,0.26943005181347146,0.27461139896373055,Bottom
El Salvador,2023,142,32.57680248,0,SLV,193,0.7357512953367875,0.2642487046632125,0.2694300518134715,Bottom
Zambia,2023,143,32.3597691,0,ZMB,193,0.7409326424870466,0.2590673575129534,0.26424870466321243,Bottom
Vanuatu,2023,144,31.9130512,0,VUT,193,0.7461139896373057,0.2538860103626943,0.25906735751295334,Bottom
Cambodia,2023,145,31.87722576,0,KHM,193,0.7512953367875648,0.24870466321243523,0.2538860103626943,Bottom
Maldives,2023,146,31.71139837,0,MDV,193,0.7564766839378239,0.24352331606217614,0.24870466321243523,Bottom
Samoa,2023,147,31.6611872,0,WSM,193,0.7616580310880829,0.23834196891191706,0.24352331606217617,Bottom
Turkmenistan,2023,148,31.16754399,0,TKM,193,0.7668393782383419,0.23316062176165808,0.23834196891191708,Bottom
Myanmar,2023,149,30.91231228,0,MMR,193,0.772020725388601,0.227979274611399,0.23316062176165803,Bottom
Nepal,2023,150,30.76702139,0,NPL,193,0.7772020725388601,0.2227979274611399,0.22797927461139897,Bottom
Zimbabwe,2023,151,30.70795467,0,ZWE,193,0.7823834196891192,0.21761658031088082,0.22279792746113988,Bottom
Papua New Guinea,2023,152,30.40577065,0,PNG,193,0.7875647668393783,0.21243523316062174,0.21761658031088082,Bottom
Cameroon,2023,153,30.27139432,0,CMR,193,0.7927461139896373,0.20725388601036265,0.21243523316062177,Bottom
Gambia (Republic of The),2023,154,30.25153776,0,GMB,193,0.7979274611398963,0.20207253886010368,0.20725388601036268,Bottom
Djibouti,2023,155,29.94791011,0,DJI,193,0.8031088082901554,0.1968911917098446,0.20207253886010362,Bottom
Nicaragua,2023,156,29.77142753,0,NIC,193,0.8082901554404145,0.1917098445595855,0.19689119170984457,Bottom
Timor-Leste,2023,157,29.76966296,0,TLS,193,0.8134715025906736,0.18652849740932642,0.19170984455958548,Bottom
Togo,2023,158,29.685532,0,TGO,193,0.8186528497409327,0.18134715025906734,0.18652849740932642,Bottom
"Venezuela, Bolivarian Republic of",2023,159,29.20001625,0,VEN,193,0.8238341968911918,0.17616580310880825,0.18134715025906736,Bottom
Angola,2023,160,29.14025605,0,AGO,193,0.8290155440414507,0.17098445595854928,0.17616580310880828,Bottom
Solomon Islands,2023,161,29.08793384,0,SLB,193,0.8341968911917098,0.1658031088082902,0.17098445595854922,Bottom
Madagascar,2023,162,28.47313128,0,MDG,193,0.8393782383419689,0.1606217616580311,0.16580310880829016,Bottom
Equatorial Guinea,2023,163,28.04104529,0,GNQ,193,0.844559585492228,0.15544041450777202,0.16062176165803108,Bottom
Burkina Faso,2023,164,27.49699619,0,BFA,193,0.8497409326424871,0.15025906735751293,0.15544041450777202,Bottom
Mali,2023,165,27.44682921,0,MLI,193,0.8549222797927462,0.14507772020725385,0.15025906735751296,Bottom
Guinea,2023,166,27.44381327,0,GIN,193,0.8601036269430051,0.13989637305699487,0.14507772020725387,Bottom
Kiribati,2023,167,27.40464502,0,KIR,193,0.8652849740932642,0.13471502590673579,0.13989637305699482,Bottom
Mauritania,2023,168,27.09355128,0,MRT,193,0.8704663212435233,0.1295336787564767,0.13471502590673576,Bottom
Eswatini,2023,169,27.05304403,0,SWZ,193,0.8756476683937824,0.12435233160621761,0.12953367875647667,Bottom
Sao Tome and Principe,2023,170,26.86146681,0,STP,193,0.8808290155440415,0.11917098445595853,0.12435233160621761,Bottom
Lesotho,2023,171,26.20904086,0,LSO,193,0.8860103626943006,0.11398963730569944,0.11917098445595854,Bottom
Mozambique,2023,172,25.62313593,0,MOZ,193,0.8911917098445595,0.10880829015544047,0.11398963730569948,Bottom
Libya,2023,173,25.31129372,0,LBY,193,0.8963730569948186,0.10362694300518138,0.10880829015544041,Bottom
Malawi,2023,174,24.8675796,0,MWI,193,0.9015544041450777,0.0984455958549223,0.10362694300518134,Bottom
Sierra Leone,2023,175,24.82502865,0,SLE,193,0.9067357512953368,0.09326424870466321,0.09844559585492228,Bottom
Niger,2023,176,24.70831185,0,NER,193,0.9119170984455959,0.08808290155440412,0.09326424870466321,Bottom
Sudan,2023,177,24.51062958,0,SDN,193,0.917098445595855,0.08290155440414504,0.08808290155440414,Bottom
Congo,2023,178,24.19288771,0,COG,193,0.9222797927461139,0.07772020725388606,0.08290155440414508,Bottom
Guinea Bissau,2023,179,24.11485899,0,GNB,193,0.927461139896373,0.07253886010362698,0.07772020725388601,Bottom
Chad,2023,180,23.43794877,0,TCD,193,0.9326424870466321,0.06735751295336789,0.07253886010362694,Bottom
Comoros,2023,181,22.61922755,0,COM,193,0.9378238341968912,0.06217616580310881,0.06735751295336788,Bottom
Liberia,2023,182,22.24370998,0,LBR,193,0.9430051813471503,0.05699481865284972,0.06217616580310881,Bottom
Somalia,2023,183,21.97865144,0,SOM,193,0.9481865284974094,0.051813471502590636,0.05699481865284974,Bottom
Haiti,2023,184,21.97179066,0,HTI,193,0.9533678756476683,0.04663212435233166,0.05181347150259067,Bottom
Democratic Republic of the Congo,2023,185,21.46831729,0,COD,193,0.9585492227979274,0.041450777202072575,0.046632124352331605,Bottom
Afghanistan,2023,186,21.26871333,0,AFG,193,0.9637305699481865,0.03626943005181349,0.04145077720207254,Bottom
Burundi,2023,187,20.87315154,0,BDI,193,0.9689119170984456,0.031088082901554404,0.03626943005181347,Bottom
Yemen,2023,188,19.88707052,0,YEM,193,0.9740932642487047,0.025906735751295318,0.031088082901554404,Bottom
Central African Republic,2023,189,19.73651251,0,CAF,193,0.9792746113989638,0.020725388601036232,0.025906735751295335,Bottom
Eritrea,2023,190,19.6242147,0,ERI,193,0.9844559585492227,0.015544041450777257,0.02072538860103627,Bottom
South Sudan,2023,191,18.25739575,0,SSD,193,0.9896373056994818,0.010362694300518172,0.015544041450777202,Bottom
Syrian Arab Republic,2023,192,18.12073889,0,SYR,193,0.9948186528497409,0.005181347150259086,0.010362694300518135,Bottom
Democratic People's Republic of Korea,2023,193,9.197129779,0,PRK,193,1.0,0.0,0.0051813471502590676,Bottom
United States of America,2024,1,87.03218182,0,USA,188,0.005319148936170213,0.9946808510638298,1.0,Top
Singapore,2024,2,84.24944106,0,SGP,188,0.010638297872340425,0.9893617021276596,0.9946808510638298,Top
Republic of Korea,2024,3,79.97780202,0,KOR,188,0.015957446808510637,0.9840425531914894,0.9893617021276596,Top
France,2024,4,79.35754271,0,FRA,188,0.02127659574468085,0.9787234042553191,0.9840425531914894,Top
United Kingdom of Great Britain and Northern Ireland,2024,5,78.88344052,0,GBR,188,0.026595744680851064,0.973404255319149,0.9787234042553191,Top
Canada,2024,6,78.17529665,0,CAN,188,0.031914893617021274,0.9680851063829787,0.973404255319149,Top
Netherlands,2024,7,77.22980432,0,NLD,188,0.03723404255319149,0.9627659574468085,0.9680851063829787,Top
Germany,2024,8,76.89826844,0,DEU,188,0.0425531914893617,0.9574468085106383,0.9627659574468085,Top
Finland,2024,9,76.48471791,0,FIN,188,0.047872340425531915,0.9521276595744681,0.9574468085106383,Top
Australia,2024,10,76.44726827,0,AUS,188,0.05319148936170213,0.9468085106382979,0.9521276595744681,Top
Norway,2024,11,76.11968176,0,NOR,188,0.05851063829787234,0.9414893617021276,0.9468085106382979,Top
Japan,2024,12,75.74917653,0,JPN,188,0.06382978723404255,0.9361702127659575,0.9414893617021277,Top
United Arab Emirates,2024,13,75.65804571,0,ARE,188,0.06914893617021277,0.9308510638297872,0.9361702127659575,Top
Sweden,2024,14,75.40286681,0,SWE,188,0.07446808510638298,0.925531914893617,0.9308510638297872,Top
Denmark,2024,15,74.71009478,0,DNK,188,0.0797872340425532,0.9202127659574468,0.925531914893617,Top
Taiwan,2024,16,74.58025606,0,TWN,188,0.0851063829787234,0.9148936170212766,0.9202127659574468,Top
Israel,2024,17,74.52155598,0,ISR,188,0.09042553191489362,0.9095744680851063,0.9148936170212766,Top
Ireland,2024,18,73.18014934,0,IRL,188,0.09574468085106383,0.9042553191489362,0.9095744680851063,Top
Austria,2024,19,72.83567415,0,AUT,188,0.10106382978723404,0.898936170212766,0.9042553191489362,Top
Belgium,2024,20,72.68793041,0,BEL,188,0.10638297872340426,0.8936170212765957,0.898936170212766,Top
Estonia,2024,21,72.61871555,0,EST,188,0.11170212765957446,0.8882978723404256,0.8936170212765957,Top
Saudi Arabia,2024,22,72.35591144,0,SAU,188,0.11702127659574468,0.8829787234042553,0.8882978723404256,Top
China,2024,23,72.0098981,0,CHN,188,0.12234042553191489,0.8776595744680851,0.8829787234042553,Top
Malaysia,2024,24,71.39992403,0,MYS,188,0.1276595744680851,0.8723404255319149,0.8776595744680851,Top
Italy,2024,25,71.21652388,0,ITA,188,0.13297872340425532,0.8670212765957447,0.8723404255319149,Top
Portugal,2024,26,70.92843933,0,PRT,188,0.13829787234042554,0.8617021276595744,0.8670212765957447,Top
Luxembourg,2024,27,70.62575172,0,LUX,188,0.14361702127659576,0.8563829787234043,0.8617021276595744,Top
Czechia,2024,28,70.23281209,0,CZE,188,0.14893617021276595,0.851063829787234,0.8563829787234043,Top
Iceland,2024,29,69.82023722,0,ISL,188,0.15425531914893617,0.8457446808510638,0.851063829787234,Top
Switzerland,2024,30,69.41989807,0,CHE,188,0.1595744680851064,0.8404255319148937,0.8457446808510638,Top
Spain,2024,31,69.25248467,0,ESP,188,0.16489361702127658,0.8351063829787234,0.8404255319148937,Top
Qatar,2024,32,68.22070132,0,QAT,188,0.1702127659574468,0.8297872340425532,0.8351063829787234,Top
Lithuania,2024,33,67.79802914,0,LTU,188,0.17553191489361702,0.824468085106383,0.8297872340425532,Top
Poland,2024,34,67.51119621,0,POL,188,0.18085106382978725,0.8191489361702128,0.824468085106383,Top
Thailand,2024,35,66.16948723,0,THA,188,0.18617021276595744,0.8138297872340425,0.8191489361702128,Top
Brazil,2024,36,65.88947723,0,BRA,188,0.19148936170212766,0.8085106382978724,0.8138297872340425,Top
Slovenia,2024,37,65.85327433,0,SVN,188,0.19680851063829788,0.8031914893617021,0.8085106382978723,Top
Indonesia,2024,38,65.85124932,0,IDN,188,0.20212765957446807,0.7978723404255319,0.8031914893617021,Top
Russian Federation,2024,39,64.71707681,0,RUS,188,0.2074468085106383,0.7925531914893618,0.7978723404255319,Top
New Zealand,2024,40,63.98217071,0,NZL,188,0.2127659574468085,0.7872340425531915,0.7925531914893617,Top
Slovakia,2024,41,63.69003612,0,SVK,188,0.21808510638297873,0.7819148936170213,0.7872340425531915,Top
Malta,2024,42,63.64342039,0,MLT,188,0.22340425531914893,0.7765957446808511,0.7819148936170213,Top
Hungary,2024,43,63.63204457,0,HUN,188,0.22872340425531915,0.7712765957446809,0.776595744680851,Top
Chile,2024,44,63.19327114,0,CHL,188,0.23404255319148937,0.7659574468085106,0.7712765957446809,Top
Oman,2024,45,62.91022757,0,OMN,188,0.2393617021276596,0.7606382978723404,0.7659574468085106,Top
India,2024,46,62.80654813,0,IND,188,0.24468085106382978,0.7553191489361702,0.7606382978723404,Top
Uruguay,2024,47,62.20915139,0,URY,188,0.25,0.75,0.7553191489361702,Top
Latvia,2024,48,61.87089556,0,LVA,188,0.2553191489361702,0.7446808510638299,0.75,Top
Jordan,2024,49,61.56757258,0,JOR,188,0.26063829787234044,0.7393617021276595,0.7446808510638298,Top
Cyprus,2024,50,61.50126092,0,CYP,188,0.26595744680851063,0.7340425531914894,0.7393617021276596,Top
Viet Nam,2024,51,61.41545515,0,VNM,188,0.2712765957446808,0.7287234042553192,0.7340425531914894,Top
Bulgaria,2024,52,60.63955798,0,BGR,188,0.2765957446808511,0.7234042553191489,0.7287234042553191,Top
Türkiye,2024,53,60.62787606,0,TUR,188,0.28191489361702127,0.7180851063829787,0.723404255319149,Top
Ukraine,2024,54,60.57013332,0,UKR,188,0.2872340425531915,0.7127659574468085,0.7180851063829787,Top
Colombia,2024,55,59.33330773,0,COL,188,0.2925531914893617,0.7074468085106382,0.7127659574468085,Top
Philippines,2024,56,58.50707886,0,PHL,188,0.2978723404255319,0.7021276595744681,0.7074468085106383,Top
Serbia,2024,57,58.48610163,0,SRB,188,0.30319148936170215,0.6968085106382979,0.7021276595744681,Top
Romania,2024,58,58.0818462,0,ROU,188,0.30851063829787234,0.6914893617021276,0.6968085106382979,Top
Greece,2024,59,57.69792651,0,GRC,188,0.31382978723404253,0.6861702127659575,0.6914893617021277,Top
Peru,2024,60,57.11155994,0,PER,188,0.3191489361702128,0.6808510638297872,0.6861702127659575,Top
Costa Rica,2024,61,56.85007591,0,CRI,188,0.324468085106383,0.675531914893617,0.6808510638297872,Top
Argentina,2024,62,56.40407736,0,ARG,188,0.32978723404255317,0.6702127659574468,0.675531914893617,Top
Republic of Moldova,2024,63,56.03414931,0,MDA,188,0.3351063829787234,0.6648936170212766,0.6702127659574468,Top
Liechtenstein,2024,64,55.90597714,0,LIE,188,0.3404255319148936,0.6595744680851063,0.6648936170212766,Mid
Egypt,2024,65,55.62588551,0,EGY,188,0.34574468085106386,0.6542553191489362,0.6595744680851063,Mid
Brunei Darussalam,2024,66,55.44955575,0,BRN,188,0.35106382978723405,0.648936170212766,0.6542553191489362,Mid
Andorra,2024,67,54.4360374,0,AND,188,0.35638297872340424,0.6436170212765957,0.648936170212766,Mid
Bahrain,2024,68,54.32835116,0,BHR,188,0.3617021276595745,0.6382978723404256,0.6436170212765957,Mid
Mauritius,2024,69,53.94349686,0,MUS,188,0.3670212765957447,0.6329787234042553,0.6382978723404256,Mid
Uzbekistan,2024,70,53.45247202,0,UZB,188,0.3723404255319149,0.6276595744680851,0.6329787234042553,Mid
Mexico,2024,71,53.28576348,0,MEX,188,0.3776595744680851,0.6223404255319149,0.6276595744680851,Mid
South Africa,2024,72,52.91180045,0,ZAF,188,0.3829787234042553,0.6170212765957447,0.6223404255319149,Mid
Dominican Republic,2024,73,52.69157831,0,DOM,188,0.3882978723404255,0.6117021276595744,0.6170212765957447,Mid
Croatia,2024,74,51.62288743,0,HRV,188,0.39361702127659576,0.6063829787234043,0.6117021276595744,Mid
San Marino,2024,75,51.59379335,0,SMR,188,0.39893617021276595,0.601063829787234,0.6063829787234043,Mid
Kazakhstan,2024,76,51.40653433,0,KAZ,188,0.40425531914893614,0.5957446808510638,0.601063829787234,Mid
Kuwait,2024,77,51.25970098,0,KWT,188,0.4095744680851064,0.5904255319148937,0.5957446808510638,Mid
Rwanda,2024,78,51.25257164,0,RWA,188,0.4148936170212766,0.5851063829787234,0.5904255319148937,Mid
Montenegro,2024,79,47.42969132,0,MNE,188,0.42021276595744683,0.5797872340425532,0.5851063829787234,Mid
Bangladesh,2024,80,47.11916395,0,BGD,188,0.425531914893617,0.574468085106383,0.5797872340425532,Mid
Georgia,2024,81,46.91902495,0,GEO,188,0.4308510638297872,0.5691489361702128,0.574468085106383,Mid
Lebanon,2024,82,46.66806935,0,LBN,188,0.43617021276595747,0.5638297872340425,0.5691489361702128,Mid
Senegal,2024,83,46.10767554,0,SEN,188,0.44148936170212766,0.5585106382978724,0.5638297872340425,Mid
Albania,2024,84,45.46622776,0,ALB,188,0.44680851063829785,0.5531914893617021,0.5585106382978723,Mid
Sri Lanka,2024,85,45.29464691,0,LKA,188,0.4521276595744681,0.5478723404255319,0.5531914893617021,Mid
North Macedonia,2024,86,45.12278472,0,MKD,188,0.4574468085106383,0.5425531914893618,0.5478723404255319,Mid
Seychelles,2024,87,44.76984511,0,SYC,188,0.4627659574468085,0.5372340425531915,0.5425531914893617,Mid
Armenia,2024,88,44.51279855,0,ARM,188,0.46808510638297873,0.5319148936170213,0.5372340425531915,Mid
Panama,2024,89,44.38966066,0,PAN,188,0.4734042553191489,0.5265957446808511,0.5319148936170213,Mid
Fiji,2024,90,44.21900038,0,FJI,188,0.4787234042553192,0.5212765957446808,0.526595744680851,Mid
Iran (Islamic Republic of),2024,91,43.88147313,0,IRN,188,0.48404255319148937,0.5159574468085106,0.5212765957446809,Mid
Tunisia,2024,92,43.67929184,0,TUN,188,0.48936170212765956,0.5106382978723405,0.5159574468085106,Mid
Kenya,2024,93,43.55729827,0,KEN,188,0.4946808510638298,0.5053191489361701,0.5106382978723404,Mid
Nigeria,2024,94,43.32516864,0,NGA,188,0.5,0.5,0.5053191489361702,Mid
Ghana,2024,95,43.30178073,0,GHA,188,0.5053191489361702,0.49468085106382975,0.5,Mid
Benin,2024,96,42.96796567,0,BEN,188,0.5106382978723404,0.4893617021276596,0.4946808510638298,Mid
Cuba,2024,97,42.43439145,0,CUB,188,0.5159574468085106,0.48404255319148937,0.48936170212765956,Mid
Mongolia,2024,98,42.36130396,0,MNG,188,0.5212765957446809,0.4787234042553191,0.48404255319148937,Mid
Bahamas,2024,99,42.03231259,0,BHS,188,0.526595744680851,0.473404255319149,0.4787234042553192,Mid
Zambia,2024,100,41.87395066,0,ZMB,188,0.5319148936170213,0.46808510638297873,0.4734042553191489,Mid
Morocco,2024,101,41.77772556,0,MAR,188,0.5372340425531915,0.4627659574468085,0.46808510638297873,Mid
Saint Kitts and Nevis,2024,102,41.61719413,0,KNA,188,0.5425531914893617,0.45744680851063835,0.4627659574468085,Mid
Antigua and Barbuda,2024,103,41.61237893,0,ATG,188,0.5478723404255319,0.4521276595744681,0.4574468085106383,Mid
Ecuador,2024,104,41.45594571,0,ECU,188,0.5531914893617021,0.44680851063829785,0.4521276595744681,Mid
Mauritania,2024,105,41.39992651,0,MRT,188,0.5585106382978723,0.4414893617021277,0.44680851063829785,Mid
Barbados,2024,106,41.10918269,0,BRB,188,0.5638297872340425,0.43617021276595747,0.44148936170212766,Mid
Iraq,2024,107,40.90613432,0,IRQ,188,0.5691489361702128,0.4308510638297872,0.43617021276595747,Mid
Cabo Verde,2024,108,40.67090537,0,CPV,188,0.574468085106383,0.42553191489361697,0.4308510638297872,Mid
Pakistan,2024,109,40.47235612,0,PAK,188,0.5797872340425532,0.42021276595744683,0.425531914893617,Mid
Trinidad and Tobago,2024,110,40.13955078,0,TTO,188,0.5851063829787234,0.4148936170212766,0.42021276595744683,Mid
Azerbaijan,2024,111,39.92386783,0,AZE,188,0.5904255319148937,0.40957446808510634,0.4148936170212766,Mid
Paraguay,2024,112,39.53861042,0,PRY,188,0.5957446808510638,0.4042553191489362,0.4095744680851064,Mid
Belarus,2024,113,39.23880845,0,BLR,188,0.601063829787234,0.39893617021276595,0.40425531914893614,Mid
Saint Lucia,2024,114,39.10720613,0,LCA,188,0.6063829787234043,0.3936170212765957,0.39893617021276595,Mid
Algeria,2024,115,39.05673544,0,DZA,188,0.6117021276595744,0.38829787234042556,0.39361702127659576,Mid
Vanuatu,2024,116,39.03768065,0,VUT,188,0.6170212765957447,0.3829787234042553,0.3882978723404255,Mid
Bhutan,2024,117,38.77536479,0,BTN,188,0.6223404255319149,0.37765957446808507,0.3829787234042553,Mid
Tonga,2024,118,38.63065051,0,TON,188,0.6276595744680851,0.37234042553191493,0.3776595744680851,Mid
Ethiopia,2024,119,38.33624612,0,ETH,188,0.6329787234042553,0.3670212765957447,0.3723404255319149,Mid
Botswana,2024,120,38.16381779,0,BWA,188,0.6382978723404256,0.36170212765957444,0.3670212765957447,Mid
Grenada,2024,121,37.96322567,0,GRD,188,0.6436170212765957,0.3563829787234043,0.3617021276595745,Mid
Jamaica,2024,122,37.79095056,0,JAM,188,0.648936170212766,0.35106382978723405,0.35638297872340424,Mid
Marshall Islands,2024,123,37.62419653,0,MHL,188,0.6542553191489362,0.3457446808510638,0.35106382978723405,Mid
Belize,2024,124,37.58701156,0,BLZ,188,0.6595744680851063,0.34042553191489366,0.34574468085106386,Mid
State of Palestine,2024,125,37.53267308,0,PSE,188,0.6648936170212766,0.3351063829787234,0.3404255319148936,Mid
Guyana,2024,126,37.23458971,0,GUY,188,0.6702127659574468,0.32978723404255317,0.3351063829787234,Mid
Samoa,2024,127,37.16037622,0,WSM,188,0.675531914893617,0.32446808510638303,0.32978723404255317,Bottom
Bosnia and Herzegovina,2024,128,37.01680441,0,BIH,188,0.6808510638297872,0.3191489361702128,0.324468085106383,Bottom
Suriname,2024,129,36.87352519,0,SUR,188,0.6861702127659575,0.31382978723404253,0.3191489361702128,Bottom
Papua New Guinea,2024,130,36.84643455,0,PNG,188,0.6914893617021277,0.3085106382978723,0.31382978723404253,Bottom
Tajikistan,2024,131,36.71542489,0,TJK,188,0.6968085106382979,0.30319148936170215,0.30851063829787234,Bottom
Saint Vincent and the Grenadines,2024,132,36.6544747,0,VCT,188,0.7021276595744681,0.2978723404255319,0.30319148936170215,Bottom
Cambodia,2024,133,36.6318842,0,KHM,188,0.7074468085106383,0.29255319148936165,0.2978723404255319,Bottom
Kyrgyzstan,2024,134,36.55450391,0,KGZ,188,0.7127659574468085,0.2872340425531915,0.2925531914893617,Bottom
Guatemala,2024,135,36.4144385,0,GTM,188,0.7180851063829787,0.28191489361702127,0.2872340425531915,Bottom
Eswatini,2024,136,36.2250206,0,SWZ,188,0.723404255319149,0.276595744680851,0.28191489361702127,Bottom
Lao People's Democratic Republic,2024,137,36.08236849,0,LAO,188,0.7287234042553191,0.2712765957446809,0.2765957446808511,Bottom
Djibouti,2024,138,35.1933629,0,DJI,188,0.7340425531914894,0.26595744680851063,0.2712765957446808,Bottom
United Republic of Tanzania,2024,139,35.08105029,0,TZA,188,0.7393617021276596,0.2606382978723404,0.26595744680851063,Bottom
Côte d'Ivoire,2024,140,34.68702416,0,CIV,188,0.7446808510638298,0.25531914893617025,0.26063829787234044,Bottom
Uganda,2024,141,34.63065106,0,UGA,188,0.75,0.25,0.2553191489361702,Bottom
Kiribati,2024,142,34.45338779,0,KIR,188,0.7553191489361702,0.24468085106382975,0.25,Bottom
Myanmar,2024,143,34.25868139,0,MMR,188,0.7606382978723404,0.23936170212765961,0.24468085106382978,Bottom
Gabon,2024,144,34.14729966,0,GAB,188,0.7659574468085106,0.23404255319148937,0.2393617021276596,Bottom
El Salvador,2024,145,34.08661079,0,SLV,188,0.7712765957446809,0.22872340425531912,0.23404255319148937,Bottom
Timor-Leste,2024,146,33.67769811,0,TLS,188,0.776595744680851,0.22340425531914898,0.22872340425531915,Bottom
Cameroon,2024,147,33.45955988,0,CMR,188,0.7819148936170213,0.21808510638297873,0.22340425531914893,Bottom
Namibia,2024,148,33.28224969,0,NAM,188,0.7872340425531915,0.21276595744680848,0.21808510638297873,Bottom
Libya,2024,149,33.24991869,0,LBY,188,0.7925531914893617,0.20744680851063835,0.2127659574468085,Bottom
Nepal,2024,150,33.1391886,0,NPL,188,0.7978723404255319,0.2021276595744681,0.2074468085106383,Bottom
Bolivia (Plurinational State of),2024,151,33.07863133,0,BOL,188,0.8031914893617021,0.19680851063829785,0.20212765957446807,Bottom
Solomon Islands,2024,152,32.7081543,0,SLB,188,0.8085106382978723,0.19148936170212771,0.19680851063829788,Bottom
Turkmenistan,2024,153,32.63799295,0,TKM,188,0.8138297872340425,0.18617021276595747,0.19148936170212766,Bottom
Zimbabwe,2024,154,32.59211942,0,ZWE,188,0.8191489361702128,0.18085106382978722,0.18617021276595744,Bottom
Mali,2024,155,32.26614045,0,MLI,188,0.824468085106383,0.17553191489361697,0.18085106382978725,Bottom
Maldives,2024,156,31.43166425,0,MDV,188,0.8297872340425532,0.17021276595744683,0.17553191489361702,Bottom
Togo,2024,157,31.31565682,0,TGO,188,0.8351063829787234,0.16489361702127658,0.1702127659574468,Bottom
Guinea,2024,158,30.21187153,0,GIN,188,0.8404255319148937,0.15957446808510634,0.16489361702127658,Bottom
Honduras,2024,159,29.83450267,0,HND,188,0.8457446808510638,0.1542553191489362,0.1595744680851064,Bottom
Sao Tome and Principe,2024,160,29.63431198,0,STP,188,0.851063829787234,0.14893617021276595,0.15425531914893617,Bottom
Malawi,2024,161,29.31673864,0,MWI,188,0.8563829787234043,0.1436170212765957,0.14893617021276595,Bottom
Burkina Faso,2024,162,29.27660868,0,BFA,188,0.8617021276595744,0.13829787234042556,0.14361702127659576,Bottom
"Venezuela, Bolivarian Republic of",2024,163,29.20533246,0,VEN,188,0.8670212765957447,0.13297872340425532,0.13829787234042554,Bottom
Madagascar,2024,164,28.80438299,0,MDG,188,0.8723404255319149,0.12765957446808507,0.13297872340425532,Bottom
Nicaragua,2024,165,28.53113047,0,NIC,188,0.8776595744680851,0.12234042553191493,0.1276595744680851,Bottom
Lesotho,2024,166,28.21246421,0,LSO,188,0.8829787234042553,0.11702127659574468,0.12234042553191489,Bottom
Equatorial Guinea,2024,167,27.09253188,0,GNQ,188,0.8882978723404256,0.11170212765957444,0.11702127659574468,Bottom
Gambia (Republic of The),2024,168,26.94732127,0,GMB,188,0.8936170212765957,0.1063829787234043,0.11170212765957446,Bottom
Angola,2024,169,26.90798042,0,AGO,188,0.898936170212766,0.10106382978723405,0.10638297872340426,Bottom
Comoros,2024,170,26.64694936,0,COM,188,0.9042553191489362,0.0957446808510638,0.10106382978723404,Bottom
Niger,2024,171,25.74480776,0,NER,188,0.9095744680851063,0.09042553191489366,0.09574468085106383,Bottom
Guinea Bissau,2024,172,25.70947239,0,GNB,188,0.9148936170212766,0.08510638297872342,0.09042553191489362,Bottom
Sierra Leone,2024,173,25.33586896,0,SLE,188,0.9202127659574468,0.07978723404255317,0.0851063829787234,Bottom
Somalia,2024,174,25.32030544,0,SOM,188,0.925531914893617,0.07446808510638303,0.0797872340425532,Bottom
Congo,2024,175,25.11623832,0,COG,188,0.9308510638297872,0.06914893617021278,0.07446808510638298,Bottom
Sudan,2024,176,24.62888147,0,SDN,188,0.9361702127659575,0.06382978723404253,0.06914893617021277,Bottom
Mozambique,2024,177,24.22293552,0,MOZ,188,0.9414893617021277,0.058510638297872286,0.06382978723404255,Bottom
Liberia,2024,178,23.12197991,0,LBR,188,0.9468085106382979,0.05319148936170215,0.05851063829787234,Bottom
Chad,2024,179,22.65971835,0,TCD,188,0.9521276595744681,0.0478723404255319,0.05319148936170213,Bottom
Eritrea,2024,180,22.19695954,0,ERI,188,0.9574468085106383,0.04255319148936165,0.047872340425531915,Bottom
Democratic Republic of the Congo,2024,181,22.09794558,0,COD,188,0.9627659574468085,0.037234042553191515,0.0425531914893617,Bottom
Burundi,2024,182,21.13442437,0,BDI,188,0.9680851063829787,0.03191489361702127,0.03723404255319149,Bottom
Central African Republic,2024,183,20.26173459,0,CAF,188,0.973404255319149,0.02659574468085102,0.031914893617021274,Bottom
Haiti,2024,184,20.05762277,0,HTI,188,0.9787234042553191,0.021276595744680882,0.026595744680851064,Bottom
South Sudan,2024,185,18.58058996,0,SSD,188,0.9840425531914894,0.015957446808510634,0.02127659574468085,Bottom
Syrian Arab Republic,2024,186,16.94502678,0,SYR,188,0.9893617021276596,0.010638297872340385,0.015957446808510637,Bottom
Afghanistan,2024,187,16.92451775,0,AFG,188,0.9946808510638298,0.005319148936170248,0.010638297872340425,Bottom
Yemen,2024,188,14.62247898,0,YEM,188,1.0,0.0,0.005319148936170213,Bottom
Afghanistan,2025,188,15.72,1,AFG,195,0.9641025641025641,0.03589743589743588,0.041025641025641026,Bottom
Albania,2025,85,43.44,1,ALB,195,0.4358974358974359,0.5641025641025641,0.5692307692307692,Mid
Algeria,2025,89,42.05,1,DZA,195,0.4564102564102564,0.5435897435897437,0.5487179487179488,Mid
Andorra,2025,92,41.51,1,AND,195,0.4717948717948718,0.5282051282051282,0.5333333333333333,Mid
Angola,2025,141,27.09,1,AGO,195,0.7230769230769231,0.27692307692307694,0.28205128205128205,Bottom
Antigua and Barbuda,2025,147,25.04,1,ATG,195,0.7538461538461538,0.24615384615384617,0.2512820512820513,Bottom
Argentina,2025,56,58.25,1,ARG,195,0.28717948717948716,0.7128205128205128,0.717948717948718,Top
Armenia,2025,103,38.95,1,ARM,195,0.5282051282051282,0.4717948717948718,0.47692307692307695,Mid
Australia,2025,9,75.73,1,AUS,195,0.046153846153846156,0.9538461538461538,0.958974358974359,Top
Austria,2025,20,69.72,1,AUT,195,0.10256410256410256,0.8974358974358975,0.9025641025641026,Top
Azerbaijan,2025,69,51.91,1,AZE,195,0.35384615384615387,0.6461538461538461,0.6512820512820513,Mid
Bahamas,2025,123,31.18,1,BHS,195,0.6307692307692307,0.36923076923076925,0.37435897435897436,Mid
Bahrain,2025,48,59.57,1,BHR,195,0.24615384615384617,0.7538461538461538,0.7564102564102564,Top
Bangladesh,2025,75,48.37,1,BGD,195,0.38461538461538464,0.6153846153846154,0.6205128205128205,Mid
Barbados,2025,155,23.33,1,BRB,195,0.7948717948717948,0.20512820512820518,0.21025641025641026,Bottom
Belarus,2025,121,32.47,1,BLR,195,0.6205128205128205,0.37948717948717947,0.38461538461538464,Mid
Belgium,2025,30,65.17,1,BEL,195,0.15384615384615385,0.8461538461538461,0.8512820512820513,Top
Belize,2025,158,22.68,1,BLZ,195,0.8102564102564103,0.18974358974358974,0.19487179487179487,Bottom
Benin,2025,90,41.71,1,BEN,195,0.46153846153846156,0.5384615384615384,0.5435897435897435,Mid
Bhutan,2025,101,39.38,1,BTN,195,0.517948717948718,0.482051282051282,0.48717948717948717,Mid
Bolivia (Plurinational State of),2025,139,27.48,1,BOL,195,0.7128205128205128,0.28717948717948716,0.2923076923076923,Bottom
Bosnia and Herzegovina,2025,114,35.67,1,BIH,195,0.5846153846153846,0.41538461538461535,0.4205128205128205,Mid
Botswana,2025,109,37.1,1,BWA,195,0.558974358974359,0.441025641025641,0.4461538461538462,Mid
Brazil,2025,22,69.55,1,BRA,195,0.11282051282051282,0.8871794871794871,0.8923076923076924,Top
Brunei Darussalam,2025,97,40.51,1,BRN,195,0.49743589743589745,0.5025641025641026,0.5076923076923077,Mid
Bulgaria,2025,59,56.6,1,BGR,195,0.30256410256410254,0.6974358974358974,0.7025641025641025,Top
Burkina Faso,2025,127,29.45,1,BFA,195,0.6512820512820513,0.3487179487179487,0.35384615384615387,Mid
Burundi,2025,185,17.22,1,BDI,195,0.9487179487179487,0.05128205128205132,0.05641025641025641,Bottom
Cabo Verde,2025,122,32.16,1,CPV,195,0.6256410256410256,0.37435897435897436,0.37948717948717947,Mid
Cambodia,2025,118,33.91,1,KHM,195,0.6051282051282051,0.3948717948717949,0.4,Mid
Cameroon,2025,116,34.91,1,CMR,195,0.5948717948717949,0.40512820512820513,0.41025641025641024,Mid
Canada,2025,12,74.66,1,CAN,195,0.06153846153846154,0.9384615384615385,0.9435897435897436,Top
Central African Republic,2025,192,12.8,1,CAF,195,0.9846153846153847,0.01538461538461533,0.020512820512820513,Bottom
Chad,2025,182,18.31,1,TCD,195,0.9333333333333333,0.06666666666666665,0.07179487179487179,Bottom
Chile,2025,50,59.3,1,CHL,195,0.2564102564102564,0.7435897435897436,0.7487179487179487,Top
China,2025,8,76.27,1,CHN,195,0.041025641025641026,0.958974358974359,0.9641025641025641,Top
Colombia,2025,64,56.02,1,COL,195,0.3282051282051282,0.6717948717948719,0.676923076923077,Top
Comoros,2025,171,20.67,1,COM,195,0.8769230769230769,0.12307692307692308,0.1282051282051282,Bottom
Congo,2025,178,18.6,1,COG,195,0.9128205128205128,0.0871794871794872,0.09230769230769231,Bottom
Costa Rica,2025,79,45.92,1,CRI,195,0.40512820512820513,0.5948717948717949,0.6,Mid
Côte D'Ivoire,2025,95,40.74,1,CIV,195,0.48717948717948717,0.5128205128205128,0.517948717948718,Mid
Croatia,2025,72,49.79,1,HRV,195,0.36923076923076925,0.6307692307692307,0.6358974358974359,Mid
Cuba,2025,136,27.92,1,CUB,195,0.6974358974358974,0.3025641025641026,0.3076923076923077,Bottom
Cyprus,2025,47,59.71,1,CYP,195,0.24102564102564103,0.7589743589743589,0.764102564102564,Top
Czechia,2025,32,64.56,1,CZE,195,0.1641025641025641,0.8358974358974359,0.841025641025641,Top
Democratic People's Republic of Korea,2025,167,21.15,1,PRK,195,0.8564102564102564,0.14358974358974363,0.14871794871794872,Bottom
Democratic Republic of the Congo,2025,144,25.62,1,COD,195,0.7384615384615385,0.2615384615384615,0.26666666666666666,Bottom
Denmark,2025,11,74.75,1,DNK,195,0.05641025641025641,0.9435897435897436,0.9487179487179487,Top
Djibouti,2025,148,24.52,1,DJI,195,0.7589743589743589,0.24102564102564106,0.24615384615384617,Bottom
Dominica,2025,174,19.76,1,DMA,195,0.8923076923076924,0.10769230769230764,0.11282051282051282,Bottom
Dominican Republic,2025,84,43.73,1,DOM,195,0.4307692307692308,0.5692307692307692,0.5743589743589743,Mid
Ecuador,2025,66,53.04,1,ECU,195,0.3384615384615385,0.6615384615384615,0.6666666666666666,Top
Egypt,2025,52,59.1,1,EGY,195,0.26666666666666666,0.7333333333333334,0.7384615384615385,Top
El Salvador,2025,104,38.88,1,SLV,195,0.5333333333333333,0.4666666666666667,0.4717948717948718,Mid
Equatorial Guinea,2025,187,16.18,1,GNQ,195,0.958974358974359,0.04102564102564099,0.046153846153846156,Bottom
Eritrea,2025,193,12.7,1,ERI,195,0.9897435897435898,0.01025641025641022,0.015384615384615385,Bottom
Estonia,2025,21,69.56,1,EST,195,0.1076923076923077,0.8923076923076922,0.8974358974358975,Top
Eswatini,2025,137,27.7,1,SWZ,195,0.7025641025641025,0.2974358974358975,0.30256410256410254,Bottom
Ethiopia,2025,91,41.58,1,ETH,195,0.4666666666666667,0.5333333333333333,0.5384615384615384,Mid
Fiji,2025,108,37.26,1,FJI,195,0.5538461538461539,0.4461538461538461,0.4512820512820513,Mid
Finland,2025,18,70.3,1,FIN,195,0.09230769230769231,0.9076923076923077,0.9128205128205128,Top
France,2025,2,80.81,1,FRA,195,0.010256410256410256,0.9897435897435898,0.9948717948717949,Top
Gabon,2025,133,28.41,1,GAB,195,0.6820512820512821,0.31794871794871793,0.3230769230769231,Bottom
Gambia (Republic of The),2025,153,23.64,1,GMB,195,0.7846153846153846,0.2153846153846154,0.2205128205128205,Bottom
Georgia,2025,87,42.75,1,GEO,195,0.4461538461538462,0.5538461538461539,0.558974358974359,Mid
Germany,2025,6,76.78,1,DEU,195,0.03076923076923077,0.9692307692307692,0.9743589743589743,Top
Ghana,2025,78,47.42,1,GHA,195,0.4,0.6,0.6051282051282051,Mid
Greece,2025,42,60.51,1,GRC,195,0.2153846153846154,0.7846153846153846,0.7871794871794872,Top
Grenada,2025,176,19.36,1,GRD,195,0.9025641025641026,0.09743589743589742,0.10256410256410256,Bottom
Guatemala,2025,129,29.34,1,GTM,195,0.6615384615384615,0.3384615384615385,0.3435897435897436,Mid
Guinea,2025,183,17.81,1,GIN,195,0.9384615384615385,0.06153846153846154,0.06666666666666667,Bottom
Guinea Bissau,2025,195,12.12,1,GNB,195,1.0,0.0,0.005128205128205128,Bottom
Guyana,2025,146,25.47,1,GUY,195,0.7487179487179487,0.2512820512820513,0.2564102564102564,Bottom
Haiti,2025,190,14.94,1,HTI,195,0.9743589743589743,0.02564102564102566,0.03076923076923077,Bottom
Honduras,2025,157,22.96,1,HND,195,0.8051282051282052,0.19487179487179485,0.2,Bottom
Hungary,2025,35,63.17,1,HUN,195,0.1794871794871795,0.8205128205128205,0.8256410256410256,Top
Iceland,2025,44,60.49,1,ISL,195,0.22564102564102564,0.7743589743589744,0.7794871794871795,Top
India,2025,27,66.55,1,IND,195,0.13846153846153847,0.8615384615384616,0.8666666666666667,Top
Indonesia,2025,46,59.87,1,IDN,195,0.2358974358974359,0.764102564102564,0.7692307692307693,Top
Iran (Islamic Republic of),2025,76,48.34,1,IRN,195,0.38974358974358975,0.6102564102564103,0.6153846153846154,Mid
Iraq,2025,128,29.37,1,IRQ,195,0.6564102564102564,0.3435897435897436,0.3487179487179487,Mid
Ireland,2025,17,70.58,1,IRL,195,0.08717948717948718,0.9128205128205128,0.9179487179487179,Top
Israel,2025,16,71.32,1,ISR,195,0.08205128205128205,0.9179487179487179,0.9230769230769231,Top
Italy,2025,25,68.81,1,ITA,195,0.1282051282051282,0.8717948717948718,0.8769230769230769,Top
Jamaica,2025,99,40.09,1,JAM,195,0.5076923076923077,0.49230769230769234,0.49743589743589745,Mid
Japan,2025,14,72.24,1,JPN,195,0.07179487179487179,0.9282051282051282,0.9333333333333333,Top
Jordan,2025,63,56.07,1,JOR,195,0.3230769230769231,0.676923076923077,0.6820512820512821,Top
Kazakhstan,2025,58,56.7,1,KAZ,195,0.29743589743589743,0.7025641025641025,0.7076923076923077,Top
Kenya,2025,68,52.55,1,KEN,195,0.3487179487179487,0.6512820512820513,0.6564102564102564,Mid
Kiribati,2025,150,23.9,1,KIR,195,0.7692307692307693,0.23076923076923073,0.2358974358974359,Bottom
Kuwait,2025,83,43.79,1,KWT,195,0.4256410256410256,0.5743589743589743,0.5794871794871795,Mid
Kyrgyzstan,2025,119,33.28,1,KGZ,195,0.6102564102564103,0.3897435897435897,0.39487179487179486,Mid
Lao People's Democratic Republic,2025,125,29.92,1,LAO,195,0.6410256410256411,0.3589743589743589,0.3641025641025641,Mid
Latvia,2025,51,59.14,1,LVA,195,0.26153846153846155,0.7384615384615385,0.7435897435897436,Top
Lebanon,2025,117,34.26,1,LBN,195,0.6,0.4,0.40512820512820513,Mid
Lesotho,2025,131,28.95,1,LSO,195,0.6717948717948717,0.32820512820512826,0.3333333333333333,Mid
Liberia,2025,189,15.65,1,LBR,195,0.9692307692307692,0.03076923076923077,0.035897435897435895,Bottom
Libya,2025,134,28.38,1,LBY,195,0.6871794871794872,0.3128205128205128,0.31794871794871793,Bottom
Liechtenstein,2025,98,40.19,1,LIE,195,0.5025641025641026,0.49743589743589745,0.5025641025641026,Mid
Lithuania,2025,29,65.31,1,LTU,195,0.14871794871794872,0.8512820512820513,0.8564102564102564,Top
Luxembourg,2025,33,64.28,1,LUX,195,0.16923076923076924,0.8307692307692307,0.8358974358974359,Top
Madagascar,2025,168,20.93,1,MDG,195,0.8615384615384616,0.1384615384615384,0.14358974358974358,Bottom
Malawi,2025,149,24.22,1,MWI,195,0.764102564102564,0.23589743589743595,0.24102564102564103,Bottom
Malaysia,2025,38,62.34,1,MYS,195,0.19487179487179487,0.8051282051282052,0.8102564102564103,Top
Maldives,2025,143,26.39,1,MDV,195,0.7333333333333333,0.2666666666666667,0.2717948717948718,Bottom
Mali,2025,152,23.78,1,MLI,195,0.7794871794871795,0.2205128205128205,0.22564102564102564,Bottom
Malta,2025,39,61.48,1,MLT,195,0.2,0.8,0.8051282051282052,Top
Marshall Islands,2025,177,18.92,1,MHL,195,0.9076923076923077,0.09230769230769231,0.09743589743589744,Bottom
Mauritania,2025,138,27.58,1,MRT,195,0.7076923076923077,0.29230769230769227,0.29743589743589743,Bottom
Mauritius,2025,67,52.76,1,MUS,195,0.3435897435897436,0.6564102564102564,0.6615384615384615,Mid
Mexico,2025,77,48.33,1,MEX,195,0.39487179487179486,0.6051282051282052,0.6102564102564103,Mid
Micronesia (Federated States of),2025,172,20.6,1,FSM,195,0.882051282051282,0.11794871794871797,0.12307692307692308,Bottom
Monaco,2025,105,38.62,1,MCO,195,0.5384615384615384,0.46153846153846156,0.4666666666666667,Mid
Mongolia,2025,94,40.86,1,MNG,195,0.48205128205128206,0.5179487179487179,0.5230769230769231,Mid
Montenegro,2025,100,39.9,1,MNE,195,0.5128205128205128,0.4871794871794872,0.49230769230769234,Mid
Morocco,2025,86,43.06,1,MAR,195,0.441025641025641,0.558974358974359,0.5641025641025641,Mid
Mozambique,2025,161,22.31,1,MOZ,195,0.8256410256410256,0.1743589743589744,0.1794871794871795,Bottom
Myanmar,2025,173,20.54,1,MMR,195,0.8871794871794871,0.11282051282051286,0.11794871794871795,Bottom
Namibia,2025,110,37.08,1,NAM,195,0.5641025641025641,0.4358974358974359,0.441025641025641,Mid
Nauru,2025,160,22.48,1,NRU,195,0.8205128205128205,0.17948717948717952,0.18461538461538463,Bottom
Nepal,2025,106,38.5,1,NPL,195,0.5435897435897435,0.45641025641025645,0.46153846153846156,Mid
Netherlands,2025,4,77.18,1,NLD,195,0.020512820512820513,0.9794871794871794,0.9846153846153847,Top
New Zealand,2025,37,62.7,1,NZL,195,0.18974358974358974,0.8102564102564103,0.8153846153846154,Top
Nicaragua,2025,163,22.23,1,NIC,195,0.8358974358974359,0.16410256410256407,0.16923076923076924,Bottom
Niger,2025,184,17.44,1,NER,195,0.9435897435897436,0.05641025641025643,0.06153846153846154,Bottom
Nigeria,2025,70,50.79,1,NGA,195,0.358974358974359,0.641025641025641,0.6461538461538462,Mid
North Macedonia,2025,107,37.57,1,MKD,195,0.5487179487179488,0.45128205128205123,0.4564102564102564,Mid
Norway,2025,10,74.84,1,NOR,195,0.05128205128205128,0.9487179487179487,0.9538461538461539,Top
Oman,2025,61,56.29,1,OMN,195,0.3128205128205128,0.6871794871794872,0.6923076923076923,Top
Pakistan,2025,81,45.38,1,PAK,195,0.4153846153846154,0.5846153846153845,0.5897435897435898,Mid
Palau,2025,151,23.8,1,PLW,195,0.7743589743589744,0.22564102564102562,0.23076923076923078,Bottom
Panama,2025,102,39.3,1,PAN,195,0.5230769230769231,0.4769230769230769,0.48205128205128206,Mid
Papua New Guinea,2025,135,27.98,1,PNG,195,0.6923076923076923,0.3076923076923077,0.3128205128205128,Bottom
Paraguay,2025,111,36.84,1,PRY,195,0.5692307692307692,0.4307692307692308,0.4358974358974359,Mid
Peru,2025,60,56.52,1,PER,195,0.3076923076923077,0.6923076923076923,0.6974358974358974,Top
Philippines,2025,43,60.51,1,PHL,195,0.2205128205128205,0.7794871794871795,0.7871794871794872,Top
Poland,2025,24,69.14,1,POL,195,0.12307692307692308,0.8769230769230769,0.882051282051282,Top
Portugal,2025,28,66.09,1,PRT,195,0.14358974358974358,0.8564102564102565,0.8615384615384616,Top
Qatar,2025,54,58.61,1,QAT,195,0.27692307692307694,0.7230769230769231,0.7282051282051282,Top
Republic of Korea,2025,5,76.89,1,KOR,195,0.02564102564102564,0.9743589743589743,0.9794871794871794,Top
Republic of Moldova,2025,71,50.59,1,MDA,195,0.3641025641025641,0.6358974358974359,0.6410256410256411,Mid
Romania,2025,57,56.73,1,ROU,195,0.2923076923076923,0.7076923076923076,0.7128205128205128,Top
Russian Federation,2025,49,59.57,1,RUS,195,0.2512820512820513,0.7487179487179487,0.7564102564102564,Top
Rwanda,2025,74,48.54,1,RWA,195,0.37948717948717947,0.6205128205128205,0.6256410256410256,Mid
Saint Kitts and Nevis,2025,170,20.85,1,KNA,195,0.8717948717948718,0.1282051282051282,0.13333333333333333,Bottom
Saint Lucia,2025,142,26.66,1,LCA,195,0.7282051282051282,0.27179487179487183,0.27692307692307694,Bottom
Saint Vincent and the Grenadines,2025,166,21.5,1,VCT,195,0.8512820512820513,0.14871794871794874,0.15384615384615385,Bottom
Samoa,2025,154,23.46,1,WSM,195,0.7897435897435897,0.2102564102564103,0.2153846153846154,Bottom
San Marino,2025,112,35.89,1,SMR,195,0.5743589743589743,0.4256410256410257,0.4307692307692308,Mid
Sao Tome and Principe,2025,180,18.37,1,STP,195,0.9230769230769231,0.07692307692307687,0.07948717948717948,Bottom
Saudi Arabia,2025,15,71.57,1,SAU,195,0.07692307692307693,0.9230769230769231,0.9282051282051282,Top
Senegal,2025,96,40.64,1,SEN,195,0.49230769230769234,0.5076923076923077,0.5128205128205128,Mid
Serbia,2025,40,60.96,1,SRB,195,0.20512820512820512,0.7948717948717949,0.8,Top
Seychelles,2025,140,27.24,1,SYC,195,0.717948717948718,0.28205128205128205,0.28717948717948716,Bottom
Sierra Leone,2025,175,19.68,1,SLE,195,0.8974358974358975,0.10256410256410253,0.1076923076923077,Bottom
Singapore,2025,7,76.42,1,SGP,195,0.035897435897435895,0.9641025641025641,0.9692307692307692,Top
Slovakia,2025,73,48.55,1,SVK,195,0.37435897435897436,0.6256410256410256,0.6307692307692307,Mid
Slovenia,2025,36,62.71,1,SVN,195,0.18461538461538463,0.8153846153846154,0.8205128205128205,Top
Solomon Islands,2025,162,22.28,1,SLB,195,0.8307692307692308,0.16923076923076918,0.17435897435897435,Bottom
Somalia,2025,164,21.82,1,SOM,195,0.841025641025641,0.15897435897435896,0.1641025641025641,Bottom
South Africa,2025,65,53.94,1,ZAF,195,0.3333333333333333,0.6666666666666667,0.6717948717948717,Top
South Sudan,2025,194,12.2,1,SSD,195,0.9948717948717949,0.00512820512820511,0.010256410256410256,Bottom
Spain,2025,13,74.22,1,ESP,195,0.06666666666666667,0.9333333333333333,0.9384615384615385,Top
Sri Lanka,2025,80,45.6,1,LKA,195,0.41025641025641024,0.5897435897435898,0.5948717948717949,Mid
State of Palestine,2025,115,35.54,1,PSE,195,0.5897435897435898,0.41025641025641024,0.4153846153846154,Mid
Sudan,2025,186,16.21,1,SDN,195,0.9538461538461539,0.0461538461538461,0.05128205128205128,Bottom
Suriname,2025,181,18.37,1,SUR,195,0.9282051282051282,0.07179487179487176,0.07948717948717948,Bottom
Sweden,2025,23,69.45,1,SWE,195,0.11794871794871795,0.882051282051282,0.8871794871794871,Top
Switzerland,2025,26,66.95,1,CHE,195,0.13333333333333333,0.8666666666666667,0.8717948717948718,Top
Syrian Arab Republic,2025,165,21.72,1,SYR,195,0.8461538461538461,0.15384615384615385,0.15897435897435896,Bottom
Taiwan,2025,31,64.81,1,TWN,195,0.15897435897435896,0.841025641025641,0.8461538461538461,Top
Tajikistan,2025,130,29.08,1,TJK,195,0.6666666666666666,0.33333333333333337,0.3384615384615385,Mid
Thailand,2025,34,63.22,1,THA,195,0.17435897435897435,0.8256410256410256,0.8307692307692308,Top
Timor-Leste,2025,179,18.39,1,TLS,195,0.9179487179487179,0.08205128205128209,0.08717948717948718,Bottom
Togo,2025,124,30.59,1,TGO,195,0.6358974358974359,0.36410256410256414,0.36923076923076925,Mid
Tonga,2025,156,23.11,1,TON,195,0.8,0.19999999999999996,0.20512820512820512,Bottom
Trinidad and Tobago,2025,120,32.73,1,TTO,195,0.6153846153846154,0.3846153846153846,0.38974358974358975,Mid
Tunisia,2025,88,42.23,1,TUN,195,0.4512820512820513,0.5487179487179488,0.5538461538461539,Mid
Türkiye,2025,53,58.91,1,TUR,195,0.2717948717948718,0.7282051282051283,0.7333333333333333,Top
Turkmenistan,2025,159,22.5,1,TKM,195,0.8153846153846154,0.18461538461538463,0.18974358974358974,Bottom
Tuvalu,2025,169,20.87,1,TUV,195,0.8666666666666667,0.1333333333333333,0.13846153846153847,Bottom
Uganda,2025,113,35.76,1,UGA,195,0.5794871794871795,0.42051282051282046,0.4256410256410256,Mid
Ukraine,2025,41,60.84,1,UKR,195,0.21025641025641026,0.7897435897435897,0.7948717948717948,Top
United Arab Emirates,2025,19,69.86,1,ARE,195,0.09743589743589744,0.9025641025641026,0.9076923076923077,Top
United Kingdom of Great Britain and Northern Ireland,2025,3,77.75,1,GBR,195,0.015384615384615385,0.9846153846153847,0.9897435897435898,Top
United Republic of Tanzania,2025,93,41.45,1,TZA,195,0.47692307692307695,0.523076923076923,0.5282051282051282,Mid
United States of America,2025,1,88.36,1,USA,195,0.005128205128205128,0.9948717948717949,1.0,Top
Uruguay,2025,55,58.47,1,URY,195,0.28205128205128205,0.717948717948718,0.7230769230769231,Top
Uzbekistan,2025,62,56.11,1,UZB,195,0.31794871794871793,0.6820512820512821,0.6871794871794872,Top
Vanuatu,2025,132,28.55,1,VUT,195,0.676923076923077,0.32307692307692304,0.3282051282051282,Bottom
"Venezuela, Bolivarian Republic of",2025,145,25.55,1,VEN,195,0.7435897435897436,0.2564102564102564,0.26153846153846155,Bottom
Viet Nam,2025,45,59.98,1,VNM,195,0.23076923076923078,0.7692307692307692,0.7743589743589744,Top
Yemen,2025,191,14.48,1,YEM,195,0.9794871794871794,0.02051282051282055,0.02564102564102564,Bottom
Zambia,2025,82,43.9,1,ZMB,195,0.4205128205128205,0.5794871794871794,0.5846153846153846,Mid
Zimbabwe,2025,126,29.53,1,ZWE,195,0.6461538461538462,0.3538461538461538,0.358974358974359,Mid
