country_raw,year,readiness_rank,readiness_score,era
United States of America,2021,1,88.15961153,0
Singapore,2021,2,82.45681323,0
United Kingdom,2021,3,81.25074503,0
Finland,2021,4,79.23374229,0
Netherlands,2021,5,78.50681097,0
Sweden,2021,6,78.1646107,0
Canada,2021,7,77.73085276,0
Germany,2021,8,77.26444673,0
Denmark,2021,9,76.95991775,0
Republic of Korea,2021,10,76.54734155,0
France,2021,11,76.41358024,0
Japan,2021,12,76.17752679,0
Norway,2021,13,76.13517078,0
Australia,2021,14,75.40980096,0
China,2021,15,74.42075762,0
Luxembourg,2021,16,73.37376397,0
Ireland,2021,17,72.79927998,0
Taiwan,2021,18,71.97943147,0
United Arab Emirates,2021,19,71.59684283,0
Israel,2021,20,70.00840751,0
Estonia,2021,21,69.18310231,0
Switzerland,2021,22,68.56419978,0
New Zealand,2021,23,68.08408201,0
Austria,2021,24,68.07358716,0
Spain,2021,25,67.67652903,0
Qatar,2021,26,67.18031989,0
Italy,2021,27,67.07136413,0
Belgium,2021,28,66.16481528,0
Czech Republic,2021,29,65.95432334,0
Lithuania,2021,30,65.19059203,0
Slovenia,2021,31,65.0527651,0
Malta,2021,32,64.84862898,0
Portugal,2021,33,64.31109865,0
Saudi Arabia,2021,34,63.41823204,0
Poland,2021,35,62.50277705,0
Malaysia,2021,36,62.45903786,0
Latvia,2021,37,62.2662637,0
Russian Federation,2021,38,61.93369511,0
Slovakia,2021,39,61.622784,0
Brazil,2021,40,60.63532,0
Chile,2021,41,60.41748563,0
Bulgaria,2021,42,60.06809672,0
Hungary,2021,43,59.71500633,0
Cyprus,2021,44,59.71494208,0
Colombia,2021,45,58.91032079,0
Iceland,2021,46,58.52549589,0
Indonesia,2021,47,58.13597168,0
Uruguay,2021,48,57.92660526,0
Oman,2021,49,57.25811351,0
Greece,2021,50,56.22319444,0
India,2021,51,56.10603803,0
Serbia,2021,52,55.9756157,0
Turkey,2021,53,55.48568205,0
Argentina,2021,54,54.35665427,0
Bahrain,2021,55,53.53874411,0
Romania,2021,56,53.22358321,0
Brunei Darussalam,2021,57,52.92662721,0
Mauritius,2021,58,52.71322634,0
Thailand,2021,59,52.62806047,0
Mexico,2021,60,52.62055216,0
Croatia,2021,61,52.29801885,0
Viet Nam,2021,62,51.81976952,0
Kuwait,2021,63,50.96595392,0
Ukraine,2021,64,50.57953842,0
Egypt,2021,65,49.75186942,0
Kazakhstan,2021,66,48.42782516,0
Azerbaijan,2021,67,48.26467933,0
South Africa,2021,68,48.23683389,0
Fiji,2021,69,48.16911225,0
Seychelles,2021,70,47.47717158,0
Philippines,2021,71,47.204124,0
Iran,2021,72,46.2258541,0
Belarus,2021,73,46.19630163,0
Costa Rica,2021,74,46.18967035,0
Montenegro,2021,75,46.09707305,0
Armenia,2021,76,45.92539398,0
Tunisia,2021,77,45.71261411,0
Kenya,2021,78,45.53691503,0
Georgia,2021,79,45.41491686,0
Jordan,2021,80,44.37804843,0
North Macedonia,2021,81,43.72643901,0
Panama,2021,82,42.98152532,0
Albania,2021,83,42.89921225,0
Morocco,2021,84,42.37957443,0
Barbados,2021,85,42.19622123,0
Republic of Moldova,2021,86,41.70704681,0
Jamaica,2021,87,41.49969775,0
Sri Lanka,2021,88,41.1170847,0
Dominican Republic,2021,89,40.88594812,0
Trinidad and Tobago,2021,90,40.77693238,0
Peru,2021,91,40.55691787,0
Ghana,2021,92,40.19417706,0
Uzbekistan,2021,93,40.13268957,0
Lebanon,2021,94,39.66701083,0
Ecuador,2021,95,39.19079497,0
Bosnia and Herzegovina,2021,96,38.67179055,0
Suriname,2021,97,38.58378245,0
Tajikistan,2021,98,38.48615463,0
Algeria,2021,99,37.92372769,0
Kyrgyzstan,2021,100,37.60655564,0
Maldives,2021,101,37.46980713,0
Paraguay,2021,102,37.347056,0
Mongolia,2021,103,37.19721197,0
Iraq,2021,104,36.93068457,0
Côte D'Ivoire,2021,105,36.70624068,0
Saint Lucia,2021,106,36.60854493,0
Gabon,2021,107,36.50752942,0
Senegal,2021,108,36.33866393,0
Botswana,2021,109,36.32851619,0
Bangladesh,2021,110,36.09945532,0
Cabo Verde,2021,111,36.0725509,0
Rwanda,2021,112,35.15812223,0
Nigeria,2021,113,35.15364591,0
Lao People's Democratic Republic,2021,114,34.93069603,0
Honduras,2021,115,34.91378879,0
Papua New Guinea,2021,116,34.75322378,0
Pakistan,2021,117,34.02797097,0
Bhutan,2021,118,34.02464587,0
Cambodia,2021,119,33.35277841,0
Namibia,2021,120,33.13770727,0
United Republic of Tanzania,2021,121,32.69103588,0
Togo,2021,122,32.67579787,0
El Salvador,2021,123,32.41093072,0
Belize,2021,124,32.27647959,0
Guatemala,2021,125,32.25324754,0
Burkina Faso,2021,126,32.24337189,0
Nepal,2021,127,31.92381466,0
Cameroon,2021,128,31.88317068,0
Uganda,2021,129,31.75694309,0
Bolivia,2021,130,31.62091026,0
Nicaragua,2021,131,31.57349015,0
Myanmar,2021,132,31.56724078,0
Zambia,2021,133,31.21443781,0
Venezuela,2021,134,30.53735761,0
Gambia,2021,135,30.45293732,0
Congo,2021,136,30.419714,0
Cuba,2021,137,30.37906954,0
Mali,2021,138,30.13971936,0
Lesotho,2021,139,29.84210131,0
Eswatini,2021,140,29.75608844,0
Mauritania,2021,141,29.6239225,0
Madagascar,2021,142,29.5299684,0
Sierra Leone,2021,143,29.39077071,0
Zimbabwe,2021,144,29.14901401,0
Benin,2021,145,28.7305943,0
Liberia,2021,146,28.13823481,0
Ethiopia,2021,147,27.9477856,0
Niger,2021,148,27.80891145,0
Guinea,2021,149,27.54707074,0
Mozambique,2021,150,26.23467412,0
Sudan,2021,151,25.91396992,0
Haiti,2021,152,25.13503439,0
Malawi,2021,153,24.84849018,0
Afghanistan,2021,154,24.37809891,0
Chad,2021,155,24.00477702,0
Burundi,2021,156,23.7171165,0
Democratic Republic of the Congo,2021,157,23.32239331,0
Angola,2021,158,22.86557857,0
Central African Republic,2021,159,20.73444159,0
Yemen,2021,160,17.92941373,0
United States of America,2022,1,85.72133804,0
Singapore,2022,2,84.1162602,0
United Kingdom,2022,3,78.54010209,0
Finland,2022,4,77.59332703,0
Canada,2022,5,77.38916245,0
Republic of Korea,2022,6,76.75699843,0
France,2022,7,75.78358408,0
Australia,2022,8,75.29178001,0
Japan,2022,9,75.2536366,0
Netherlands,2022,10,75.11228339,0
Denmark,2022,11,74.79016756,0
Norway,2022,12,73.0897855,0
Sweden,2022,13,73.05606154,0
Taiwan,2022,14,72.78496134,0
Germany,2022,15,72.64159902,0
Austria,2022,16,71.49081059,0
China,2022,17,70.83634174,0
Ireland,2022,18,70.75787951,0
Estonia,2022,19,70.14246449,0
Israel,2022,20,70.11641725,0
Belgium,2022,21,69.94696786,0
United Arab Emirates,2022,22,68.54401914,0
Switzerland,2022,23,68.49444385,0
Italy,2022,24,68.40631647,0
Portugal,2022,25,68.11883424,0
Luxembourg,2022,26,67.90883906,0
Spain,2022,27,67.82500746,0
New Zealand,2022,28,67.81782093,0
Malaysia,2022,29,67.37403813,0
Czech Republic,2022,30,67.05055789,0
Thailand,2022,31,64.63063705,0
India,2022,32,63.66522524,0
Malta,2022,33,62.75184823,0
Poland,2022,34,62.65072579,0
Chile,2022,35,62.51743318,0
Qatar,2022,36,62.37304734,0
Brazil,2022,37,62.36663855,0
Lithuania,2022,38,62.20182711,0
Saudi Arabia,2022,39,61.96247066,0
Russian Federation,2022,40,61.48426081,0
Slovenia,2022,41,61.4463947,0
Hungary,2022,42,61.43939487,0
Indonesia,2022,43,60.89255185,0
Bulgaria,2022,44,60.33310733,0
Iceland,2022,45,59.84295226,0
Latvia,2022,46,59.84242562,0
Colombia,2022,47,59.37944898,0
Cyprus,2022,48,59.14788556,0
Turkey,2022,49,58.97375556,0
Greece,2022,50,58.56101347,0
Uruguay,2022,51,58.2470919,0
Oman,2022,52,57.83051152,0
Argentina,2022,53,57.38681671,0
Philippines,2022,54,55.41679531,0
Viet Nam,2022,55,53.96052747,0
Bahrain,2022,56,53.59440928,0
Mauritius,2022,57,53.38242963,0
Romania,2022,58,53.29633,0
Serbia,2022,59,52.96174925,0
Ukraine,2022,60,52.79602255,0
Peru,2022,61,51.97236356,0
Mexico,2022,62,51.78355316,0
Jordan,2022,63,51.76399042,0
Slovakia,2022,64,51.22626911,0
Egypt,2022,65,49.41720556,0
Croatia,2022,66,48.58505521,0
Brunei Darussalam,2022,67,48.05568313,0
South Africa,2022,68,47.74442738,0
Kuwait,2022,69,47.67990454,0
Tunisia,2022,70,46.80606294,0
North Macedonia,2022,71,46.10847621,0
Kazakhstan,2022,72,45.78086433,0
Lebanon,2022,73,45.71549399,0
Azerbaijan,2022,74,45.55120353,0
Iran,2022,75,45.29521769,0
Montenegro,2022,76,45.19895959,0
Andorra,2022,77,45.15885579,0
Costa Rica,2022,78,44.96926052,0
Uzbekistan,2022,79,44.50639995,0
Bangladesh,2022,80,43.62840762,0
Dominican Republic,2022,81,42.15738701,0
Albania,2022,82,42.0977979,0
Republic of Moldova,2022,83,42.03558654,0
Armenia,2022,84,41.91047934,0
Fiji,2022,85,41.75570206,0
Panama,2022,86,41.48689612,0
Morocco,2022,87,41.31130191,0
Georgia,2022,88,40.79056687,0
Bahamas,2022,89,40.74236429,0
Kenya,2022,90,40.35660716,0
Belarus,2022,91,40.27136657,0
Pakistan,2022,92,40.22052841,0
Rwanda,2022,93,40.20366886,0
Seychelles,2022,94,39.87192314,0
Tonga,2022,95,39.80367582,0
Barbados,2022,96,39.53011484,0
Nigeria,2022,97,39.10120996,0
Botswana,2022,98,38.36432707,0
Bhutan,2022,99,37.91424365,0
Antigua and Barbuda,2022,100,37.91159431,0
Ecuador,2022,101,37.3586778,0
Mongolia,2022,102,37.21364782,0
Jamaica,2022,103,37.09045226,0
Ghana,2022,104,36.56305785,0
Sri Lanka,2022,105,36.23061644,0
Trinidad and Tobago,2022,106,36.1712009,0
Saint Lucia,2022,107,35.85863778,0
Benin,2022,108,35.83543571,0
Tajikistan,2022,109,35.83071587,0
Paraguay,2022,110,35.45868855,0
Algeria,2022,111,35.32545863,0
Bosnia and Herzegovina,2022,112,35.16653037,0
Suriname,2022,113,35.10760082,0
Guatemala,2022,114,34.92596868,0
Namibia,2022,115,34.56777823,0
Senegal,2022,116,34.51097098,0
Grenada,2022,117,34.39033175,0
Cabo Verde,2022,118,34.27404409,0
Kyrgyzstan,2022,119,33.90924499,0
Saint Vincent and the Grenadines,2022,120,33.70891003,0
Maldives,2022,121,33.53552338,0
Guyana,2022,122,33.51820323,0
Uganda,2022,123,32.65923191,0
Bolivia,2022,124,32.55578829,0
United Republic of Tanzania,2022,125,32.49772202,0
Myanmar,2022,126,32.44565026,0
Gabon,2022,127,32.42445285,0
Turkmenistan,2022,128,31.94984039,0
Lao People's Democratic Republic,2022,129,31.71862863,0
Cuba,2022,130,31.5867537,0
Iraq,2022,131,31.52182498,0
Cambodia,2022,132,31.1652904,0
Vanuatu,2022,133,31.10658853,0
Honduras,2022,134,31.04337178,0
El Salvador,2022,135,30.95748673,0
Côte D'Ivoire,2022,136,30.95367673,0
Timor-Leste,2022,137,30.86326755,0
Cameroon,2022,138,30.76487031,0
Nepal,2022,139,30.75440133,0
Solomon Islands,2022,140,30.57767234,0
Papua New Guinea,2022,141,30.5489561,0
Samoa,2022,142,30.11334049,0
Belize,2022,143,29.98340518,0
Djibouti,2022,144,29.84752363,0
Togo,2022,145,29.8249018,0
Zambia,2022,146,29.63139333,0
Venezuela,2022,147,29.32769227,0
Zimbabwe,2022,148,29.26484257,0
Libya,2022,149,28.8386696,0
Mauritania,2022,150,28.40270536,0
Nicaragua,2022,151,28.33073126,0
Madagascar,2022,152,28.2580958,0
Gambia,2022,153,27.96448778,0
Kiribati,2022,154,27.81847565,0
Guinea,2022,155,27.81521975,0
Sao Tome and Principe,2022,156,27.62111982,0
Mali,2022,157,27.33914838,0
Congo,2022,158,26.20229526,0
Burkina Faso,2022,159,26.20130301,0
Lesotho,2022,160,26.13355368,0
Eswatini,2022,161,25.45708209,0
Ethiopia,2022,162,25.30098938,0
Angola,2022,163,24.76924364,0
Sierra Leone,2022,164,24.49171892,0
Malawi,2022,165,24.459898,0
Comoros,2022,166,23.81933921,0
Niger,2022,167,23.72363429,0
Guinea Bissau,2022,168,22.82405378,0
Sudan,2022,169,22.5547595,0
Mozambique,2022,170,22.54020961,0
Liberia,2022,171,22.09001172,0
Chad,2022,172,20.57569578,0
Burundi,2022,173,20.52919336,0
Democratic Republic of the Congo,2022,174,20.21793742,0
Eritrea,2022,175,20.16632518,0
Central African Republic,2022,176,19.90049863,0
South Sudan,2022,177,19.45429849,0
Haiti,2022,178,18.60688175,0
Yemen,2022,179,17.3219318,0
Syrian Arab Republic,2022,180,16.04024825,0
Afghanistan,2022,181,13.45795858,0
United States of America,2023,1,84.79617127,0
Singapore,2023,2,81.97096482,0
United Kingdom of Great Britain and Northern Ireland,2023,3,78.57223041,0
Finland,2023,4,77.36514132,0
Canada,2023,5,77.0688933,0
France,2023,6,76.0747579,0
Republic of Korea,2023,7,75.64511212,0
Germany,2023,8,75.26152044,0
Japan,2023,9,75.07579217,0
Netherlands,2023,10,74.46899594,0
Denmark,2023,11,73.91202307,0
Australia,2023,12,73.8886426,0
Norway,2023,13,72.71208818,0
Sweden,2023,14,72.55428782,0
Austria,2023,15,72.36579509,0
China,2023,16,70.94344937,0
Estonia,2023,17,70.86482958,0
United Arab Emirates,2023,18,70.42303308,0
Taiwan,2023,19,70.25307405,0
Ireland,2023,20,69.82192222,0
Iceland,2023,21,69.5940496,0
Luxembourg,2023,22,69.40775632,0
Malaysia,2023,23,68.7072292,0
Switzerland,2023,24,68.5683896,0
Portugal,2023,25,68.28168555,0
Italy,2023,26,67.62584509,0
Spain,2023,27,67.47437476,0
Belgium,2023,28,67.28440384,0
Saudi Arabia,2023,29,67.04188134,0
Israel,2023,30,65.4642356,0
Czechia,2023,31,65.17046981,0
Brazil,2023,32,63.69915943,0
Malta,2023,33,63.64436289,0
Qatar,2023,34,63.586363,0
Lithuania,2023,35,63.33225365,0
Poland,2023,36,63.09568429,0
Thailand,2023,37,63.03262655,0
Russian Federation,2023,38,62.92297762,0
Slovenia,2023,39,62.63475187,0
India,2023,40,62.57800735,0
Chile,2023,41,61.94839002,0
Indonesia,2023,42,61.03492368,0
Cyprus,2023,43,60.84003033,0
Slovakia,2023,44,60.73476979,0
Hungary,2023,45,60.66027035,0
Uruguay,2023,46,60.57175304,0
Türkiye,2023,47,60.50820969,0
Latvia,2023,48,60.30099482,0
New Zealand,2023,49,60.18468167,0
Oman,2023,50,58.93723222,0
Bulgaria,2023,51,58.64499758,0
Greece,2023,52,57.94965354,0
Colombia,2023,53,57.85276011,0
Argentina,2023,54,57.72417372,0
Jordan,2023,55,56.8468117,0
Bahrain,2023,56,56.13114214,0
Serbia,2023,57,55.57212047,0
Peru,2023,58,54.8722902,0
Viet Nam,2023,59,54.48001397,0
Ukraine,2023,60,53.28654288,0
Mauritius,2023,61,53.2671014,0
Egypt,2023,62,52.6929229,0
Liechtenstein,2023,63,52.63448412,0
Romania,2023,64,52.31981092,0
Philippines,2023,65,51.97820876,0
Dominican Republic,2023,66,50.71305278,0
Monaco,2023,67,50.50433586,0
Mexico,2023,68,50.37334308,0
Kuwait,2023,69,49.85706104,0
Croatia,2023,70,49.34199305,0
Costa Rica,2023,71,49.12279778,0
Kazakhstan,2023,72,48.55608275,0
Azerbaijan,2023,73,48.15205153,0
Brunei Darussalam,2023,74,48.09942959,0
San Marino,2023,75,48.08421492,0
Lebanon,2023,76,47.61870616,0
South Africa,2023,77,47.27824677,0
Montenegro,2023,78,47.1475604,0
Nauru,2023,79,46.74580573,0
Andorra,2023,80,46.25424863,0
Tunisia,2023,81,46.07375273,0
Bangladesh,2023,82,46.04283084,0
North Macedonia,2023,83,45.40465829,0
Rwanda,2023,84,45.38673728,0
Armenia,2023,85,45.21531546,0
Panama,2023,86,43.91332742,0
Uzbekistan,2023,87,43.78954115,0
Morocco,2023,88,43.33900818,0
Albania,2023,89,43.26239362,0
Republic of Moldova,2023,90,42.97129514,0
Senegal,2023,91,42.58345092,0
Pakistan,2023,92,42.20012541,0
Bahamas,2023,93,42.14236214,0
Iran (Islamic Republic of),2023,94,42.07324885,0
Sri Lanka,2023,95,41.8893437,0
Fiji,2023,96,41.56883237,0
Benin,2023,97,41.37191592,0
Jamaica,2023,98,41.31633222,0
Georgia,2023,99,41.26650193,0
Ecuador,2023,100,40.83861731,0
Kenya,2023,101,40.18580433,0
Barbados,2023,102,40.13321614,0
Nigeria,2023,103,39.87877496,0
Trinidad and Tobago,2023,104,39.44275869,0
Antigua and Barbuda,2023,105,39.41080516,0
Saint Kitts and Nevis,2023,106,39.23383354,0
Belarus,2023,107,39.20286213,0
Tonga,2023,108,39.00745952,0
Mongolia,2023,109,38.98928752,0
Botswana,2023,110,38.83923461,0
Tajikistan,2023,111,38.78247405,0
Seychelles,2023,112,38.10561952,0
Tuvalu,2023,113,37.45304448,0
Bhutan,2023,114,36.87905685,0
Paraguay,2023,115,36.85412454,0
Guyana,2023,116,36.7932748,0
Bosnia and Herzegovina,2023,117,36.48814846,0
Saint Lucia,2023,118,36.46491071,0
Cabo Verde,2023,119,36.29975864,0
Algeria,2023,120,35.98810889,0
Guatemala,2023,121,35.75753858,0
Marshall Islands,2023,122,35.70297129,0
Cuba,2023,123,35.52053817,0
Suriname,2023,124,35.51765043,0
Namibia,2023,125,35.3730031,0
Bolivia (Plurinational State of),2023,126,35.25033938,0
Dominica,2023,127,34.81908485,0
Grenada,2023,128,34.63095618,0
Belize,2023,129,34.2435614,0
Saint Vincent and the Grenadines,2023,130,34.13221331,0
Kyrgyzstan,2023,131,34.09800116,0
Uganda,2023,132,33.43858135,0
Iraq,2023,133,33.39561913,0
State of Palestine,2023,134,33.13922995,0
Gabon,2023,135,33.09015799,0
Lao People's Democratic Republic,2023,136,33.05352563,0
United Republic of Tanzania,2023,137,32.86338241,0
Côte D'Ivoire,2023,138,32.78138909,0
Honduras,2023,139,32.63199659,0
Ethiopia,2023,140,32.58526198,0
Ghana,2023,141,32.58404214,0
El Salvador,2023,142,32.57680248,0
Zambia,2023,143,32.3597691,0
Vanuatu,2023,144,31.9130512,0
Cambodia,2023,145,31.87722576,0
Maldives,2023,146,31.71139837,0
Samoa,2023,147,31.6611872,0
Turkmenistan,2023,148,31.16754399,0
Myanmar,2023,149,30.91231228,0
Nepal,2023,150,30.76702139,0
Zimbabwe,2023,151,30.70795467,0
Papua New Guinea,2023,152,30.40577065,0
Cameroon,2023,153,30.27139432,0
Gambia (Republic of The),2023,154,30.25153776,0
Djibouti,2023,155,29.94791011,0
Nicaragua,2023,156,29.77142753,0
Timor-Leste,2023,157,29.76966296,0
Togo,2023,158,29.685532,0
"Venezuela, Bolivarian Republic of",2023,159,29.20001625,0
Angola,2023,160,29.14025605,0
Solomon Islands,2023,161,29.08793384,0
Madagascar,2023,162,28.47313128,0
Equatorial Guinea,2023,163,28.04104529,0
Burkina Faso,2023,164,27.49699619,0
Mali,2023,165,27.44682921,0
Guinea,2023,166,27.44381327,0
Kiribati,2023,167,27.40464502,0
Mauritania,2023,168,27.09355128,0
Eswatini,2023,169,27.05304403,0
Sao Tome and Principe,2023,170,26.86146681,0
Lesotho,2023,171,26.20904086,0
Mozambique,2023,172,25.62313593,0
Libya,2023,173,25.31129372,0
Malawi,2023,174,24.8675796,0
Sierra Leone,2023,175,24.82502865,0
Niger,2023,176,24.70831185,0
Sudan,2023,177,24.51062958,0
Congo,2023,178,24.19288771,0
Guinea Bissau,2023,179,24.11485899,0
Chad,2023,180,23.43794877,0
Comoros,2023,181,22.61922755,0
Liberia,2023,182,22.24370998,0
Somalia,2023,183,21.97865144,0
Haiti,2023,184,21.97179066,0
Democratic Republic of the Congo,2023,185,21.46831729,0
Afghanistan,2023,186,21.26871333,0
Burundi,2023,187,20.87315154,0
Yemen,2023,188,19.88707052,0
Central African Republic,2023,189,19.73651251,0
Eritrea,2023,190,19.6242147,0
South Sudan,2023,191,18.25739575,0
Syrian Arab Republic,2023,192,18.12073889,0
Democratic People's Republic of Korea,2023,193,9.197129779,0
United States of America,2024,1,87.03218182,0
Singapore,2024,2,84.24944106,0
Republic of Korea,2024,3,79.97780202,0
France,2024,4,79.35754271,0
United Kingdom of Great Britain and Northern Ireland,2024,5,78.88344052,0
Canada,2024,6,78.17529665,0
Netherlands,2024,7,77.22980432,0
Germany,2024,8,76.89826844,0
Finland,2024,9,76.48471791,0
Australia,2024,10,76.44726827,0
Norway,2024,11,76.11968176,0
Japan,2024,12,75.74917653,0
United Arab Emirates,2024,13,75.65804571,0
Sweden,2024,14,75.40286681,0
Denmark,2024,15,74.71009478,0
Taiwan,2024,16,74.58025606,0
Israel,2024,17,74.52155598,0
Ireland,2024,18,73.18014934,0
Austria,2024,19,72.83567415,0
Belgium,2024,20,72.68793041,0
Estonia,2024,21,72.61871555,0
Saudi Arabia,2024,22,72.35591144,0
China,2024,23,72.0098981,0
Malaysia,2024,24,71.39992403,0
Italy,2024,25,71.21652388,0
Portugal,2024,26,70.92843933,0
Luxembourg,2024,27,70.62575172,0
Czechia,2024,28,70.23281209,0
Iceland,2024,29,69.82023722,0
Switzerland,2024,30,69.41989807,0
Spain,2024,31,69.25248467,0
Qatar,2024,32,68.22070132,0
Lithuania,2024,33,67.79802914,0
Poland,2024,34,67.51119621,0
Thailand,2024,35,66.16948723,0
Brazil,2024,36,65.88947723,0
Slovenia,2024,37,65.85327433,0
Indonesia,2024,38,65.85124932,0
Russian Federation,2024,39,64.71707681,0
New Zealand,2024,40,63.98217071,0
Slovakia,2024,41,63.69003612,0
Malta,2024,42,63.64342039,0
Hungary,2024,43,63.63204457,0
Chile,2024,44,63.19327114,0
Oman,2024,45,62.91022757,0
India,2024,46,62.80654813,0
Uruguay,2024,47,62.20915139,0
Latvia,2024,48,61.87089556,0
Jordan,2024,49,61.56757258,0
Cyprus,2024,50,61.50126092,0
Viet Nam,2024,51,61.41545515,0
Bulgaria,2024,52,60.63955798,0
Türkiye,2024,53,60.62787606,0
Ukraine,2024,54,60.57013332,0
Colombia,2024,55,59.33330773,0
Philippines,2024,56,58.50707886,0
Serbia,2024,57,58.48610163,0
Romania,2024,58,58.0818462,0
Greece,2024,59,57.69792651,0
Peru,2024,60,57.11155994,0
Costa Rica,2024,61,56.85007591,0
Argentina,2024,62,56.40407736,0
Republic of Moldova,2024,63,56.03414931,0
Liechtenstein,2024,64,55.90597714,0
Egypt,2024,65,55.62588551,0
Brunei Darussalam,2024,66,55.44955575,0
Andorra,2024,67,54.4360374,0
Bahrain,2024,68,54.32835116,0
Mauritius,2024,69,53.94349686,0
Uzbekistan,2024,70,53.45247202,0
Mexico,2024,71,53.28576348,0
South Africa,2024,72,52.91180045,0
Dominican Republic,2024,73,52.69157831,0
Croatia,2024,74,51.62288743,0
San Marino,2024,75,51.59379335,0
Kazakhstan,2024,76,51.40653433,0
Kuwait,2024,77,51.25970098,0
Rwanda,2024,78,51.25257164,0
Montenegro,2024,79,47.42969132,0
Bangladesh,2024,80,47.11916395,0
Georgia,2024,81,46.91902495,0
Lebanon,2024,82,46.66806935,0
Senegal,2024,83,46.10767554,0
Albania,2024,84,45.46622776,0
Sri Lanka,2024,85,45.29464691,0
North Macedonia,2024,86,45.12278472,0
Seychelles,2024,87,44.76984511,0
Armenia,2024,88,44.51279855,0
Panama,2024,89,44.38966066,0
Fiji,2024,90,44.21900038,0
Iran (Islamic Republic of),2024,91,43.88147313,0
Tunisia,2024,92,43.67929184,0
Kenya,2024,93,43.55729827,0
Nigeria,2024,94,43.32516864,0
Ghana,2024,95,43.30178073,0
Benin,2024,96,42.96796567,0
Cuba,2024,97,42.43439145,0
Mongolia,2024,98,42.36130396,0
Bahamas,2024,99,42.03231259,0
Zambia,2024,100,41.87395066,0
Morocco,2024,101,41.77772556,0
Saint Kitts and Nevis,2024,102,41.61719413,0
Antigua and Barbuda,2024,103,41.61237893,0
Ecuador,2024,104,41.45594571,0
Mauritania,2024,105,41.39992651,0
Barbados,2024,106,41.10918269,0
Iraq,2024,107,40.90613432,0
Cabo Verde,2024,108,40.67090537,0
Pakistan,2024,109,40.47235612,0
Trinidad and Tobago,2024,110,40.13955078,0
Azerbaijan,2024,111,39.92386783,0
Paraguay,2024,112,39.53861042,0
Belarus,2024,113,39.23880845,0
Saint Lucia,2024,114,39.10720613,0
Algeria,2024,115,39.05673544,0
Vanuatu,2024,116,39.03768065,0
Bhutan,2024,117,38.77536479,0
Tonga,2024,118,38.63065051,0
Ethiopia,2024,119,38.33624612,0
Botswana,2024,120,38.16381779,0
Grenada,2024,121,37.96322567,0
Jamaica,2024,122,37.79095056,0
Marshall Islands,2024,123,37.62419653,0
Belize,2024,124,37.58701156,0
State of Palestine,2024,125,37.53267308,0
Guyana,2024,126,37.23458971,0
Samoa,2024,127,37.16037622,0
Bosnia and Herzegovina,2024,128,37.01680441,0
Suriname,2024,129,36.87352519,0
Papua New Guinea,2024,130,36.84643455,0
Tajikistan,2024,131,36.71542489,0
Saint Vincent and the Grenadines,2024,132,36.6544747,0
Cambodia,2024,133,36.6318842,0
Kyrgyzstan,2024,134,36.55450391,0
Guatemala,2024,135,36.4144385,0
Eswatini,2024,136,36.2250206,0
Lao People's Democratic Republic,2024,137,36.08236849,0
Djibouti,2024,138,35.1933629,0
United Republic of Tanzania,2024,139,35.08105029,0
Côte d'Ivoire,2024,140,34.68702416,0
Uganda,2024,141,34.63065106,0
Kiribati,2024,142,34.45338779,0
Myanmar,2024,143,34.25868139,0
Gabon,2024,144,34.14729966,0
El Salvador,2024,145,34.08661079,0
Timor-Leste,2024,146,33.67769811,0
Cameroon,2024,147,33.45955988,0
Namibia,2024,148,33.28224969,0
Libya,2024,149,33.24991869,0
Nepal,2024,150,33.1391886,0
Bolivia (Plurinational State of),2024,151,33.07863133,0
Solomon Islands,2024,152,32.7081543,0
Turkmenistan,2024,153,32.63799295,0
Zimbabwe,2024,154,32.59211942,0
Mali,2024,155,32.26614045,0
Maldives,2024,156,31.43166425,0
Togo,2024,157,31.31565682,0
Guinea,2024,158,30.21187153,0
Honduras,2024,159,29.83450267,0
Sao Tome and Principe,2024,160,29.63431198,0
Malawi,2024,161,29.31673864,0
Burkina Faso,2024,162,29.27660868,0
"Venezuela, Bolivarian Republic of",2024,163,29.20533246,0
Madagascar,2024,164,28.80438299,0
Nicaragua,2024,165,28.53113047,0
Lesotho,2024,166,28.21246421,0
Equatorial Guinea,2024,167,27.09253188,0
Gambia (Republic of The),2024,168,26.94732127,0
Angola,2024,169,26.90798042,0
Comoros,2024,170,26.64694936,0
Niger,2024,171,25.74480776,0
Guinea Bissau,2024,172,25.70947239,0
Sierra Leone,2024,173,25.33586896,0
Somalia,2024,174,25.32030544,0
Congo,2024,175,25.11623832,0
Sudan,2024,176,24.62888147,0
Mozambique,2024,177,24.22293552,0
Liberia,2024,178,23.12197991,0
Chad,2024,179,22.65971835,0
Eritrea,2024,180,22.19695954,0
Democratic Republic of the Congo,2024,181,22.09794558,0
Burundi,2024,182,21.13442437,0
Central African Republic,2024,183,20.26173459,0
Haiti,2024,184,20.05762277,0
South Sudan,2024,185,18.58058996,0
Syrian Arab Republic,2024,186,16.94502678,0
Afghanistan,2024,187,16.92451775,0
Yemen,2024,188,14.62247898,0
Afghanistan,2025,188,15.72,1
Albania,2025,85,43.44,1
Algeria,2025,89,42.05,1
Andorra,2025,92,41.51,1
Angola,2025,141,27.09,1
Antigua and Barbuda,2025,147,25.04,1
Argentina,2025,56,58.25,1
Armenia,2025,103,38.95,1
Australia,2025,9,75.73,1
Austria,2025,20,69.72,1
Azerbaijan,2025,69,51.91,1
Bahamas,2025,123,31.18,1
Bahrain,2025,48,59.57,1
Bangladesh,2025,75,48.37,1
Barbados,2025,155,23.33,1
Belarus,2025,121,32.47,1
Belgium,2025,30,65.17,1
Belize,2025,158,22.68,1
Benin,2025,90,41.71,1
Bhutan,2025,101,39.38,1
Bolivia (Plurinational State of),2025,139,27.48,1
Bosnia and Herzegovina,2025,114,35.67,1
Botswana,2025,109,37.1,1
Brazil,2025,22,69.55,1
Brunei Darussalam,2025,97,40.51,1
Bulgaria,2025,59,56.6,1
Burkina Faso,2025,127,29.45,1
Burundi,2025,185,17.22,1
Cabo Verde,2025,122,32.16,1
Cambodia,2025,118,33.91,1
Cameroon,2025,116,34.91,1
Canada,2025,12,74.66,1
Central African Republic,2025,192,12.8,1
Chad,2025,182,18.31,1
Chile,2025,50,59.3,1
China,2025,8,76.27,1
Colombia,2025,64,56.02,1
Comoros,2025,171,20.67,1
Congo,2025,178,18.6,1
Costa Rica,2025,79,45.92,1
Côte D'Ivoire,2025,95,40.74,1
Croatia,2025,72,49.79,1
Cuba,2025,136,27.92,1
Cyprus,2025,47,59.71,1
Czechia,2025,32,64.56,1
Democratic People's Republic of Korea,2025,167,21.15,1
Democratic Republic of the Congo,2025,144,25.62,1
Denmark,2025,11,74.75,1
Djibouti,2025,148,24.52,1
Dominica,2025,174,19.76,1
Dominican Republic,2025,84,43.73,1
Ecuador,2025,66,53.04,1
Egypt,2025,52,59.1,1
El Salvador,2025,104,38.88,1
Equatorial Guinea,2025,187,16.18,1
Eritrea,2025,193,12.7,1
Estonia,2025,21,69.56,1
Eswatini,2025,137,27.7,1
Ethiopia,2025,91,41.58,1
Fiji,2025,108,37.26,1
Finland,2025,18,70.3,1
France,2025,2,80.81,1
Gabon,2025,133,28.41,1
Gambia (Republic of The),2025,153,23.64,1
Georgia,2025,87,42.75,1
Germany,2025,6,76.78,1
Ghana,2025,78,47.42,1
Greece,2025,42,60.51,1
Grenada,2025,176,19.36,1
Guatemala,2025,129,29.34,1
Guinea,2025,183,17.81,1
Guinea Bissau,2025,195,12.12,1
Guyana,2025,146,25.47,1
Haiti,2025,190,14.94,1
Honduras,2025,157,22.96,1
Hungary,2025,35,63.17,1
Iceland,2025,44,60.49,1
India,2025,27,66.55,1
Indonesia,2025,46,59.87,1
Iran (Islamic Republic of),2025,76,48.34,1
Iraq,2025,128,29.37,1
Ireland,2025,17,70.58,1
Israel,2025,16,71.32,1
Italy,2025,25,68.81,1
Jamaica,2025,99,40.09,1
Japan,2025,14,72.24,1
Jordan,2025,63,56.07,1
Kazakhstan,2025,58,56.7,1
Kenya,2025,68,52.55,1
Kiribati,2025,150,23.9,1
Kuwait,2025,83,43.79,1
Kyrgyzstan,2025,119,33.28,1
Lao People's Democratic Republic,2025,125,29.92,1
Latvia,2025,51,59.14,1
Lebanon,2025,117,34.26,1
Lesotho,2025,131,28.95,1
Liberia,2025,189,15.65,1
Libya,2025,134,28.38,1
Liechtenstein,2025,98,40.19,1
Lithuania,2025,29,65.31,1
Luxembourg,2025,33,64.28,1
Madagascar,2025,168,20.93,1
Malawi,2025,149,24.22,1
Malaysia,2025,38,62.34,1
Maldives,2025,143,26.39,1
Mali,2025,152,23.78,1
Malta,2025,39,61.48,1
Marshall Islands,2025,177,18.92,1
Mauritania,2025,138,27.58,1
Mauritius,2025,67,52.76,1
Mexico,2025,77,48.33,1
Micronesia (Federated States of),2025,172,20.6,1
Monaco,2025,105,38.62,1
Mongolia,2025,94,40.86,1
Montenegro,2025,100,39.9,1
Morocco,2025,86,43.06,1
Mozambique,2025,161,22.31,1
Myanmar,2025,173,20.54,1
Namibia,2025,110,37.08,1
Nauru,2025,160,22.48,1
Nepal,2025,106,38.5,1
Netherlands,2025,4,77.18,1
New Zealand,2025,37,62.7,1
Nicaragua,2025,163,22.23,1
Niger,2025,184,17.44,1
Nigeria,2025,70,50.79,1
North Macedonia,2025,107,37.57,1
Norway,2025,10,74.84,1
Oman,2025,61,56.29,1
Pakistan,2025,81,45.38,1
Palau,2025,151,23.8,1
Panama,2025,102,39.3,1
Papua New Guinea,2025,135,27.98,1
Paraguay,2025,111,36.84,1
Peru,2025,60,56.52,1
Philippines,2025,43,60.51,1
Poland,2025,24,69.14,1
Portugal,2025,28,66.09,1
Qatar,2025,54,58.61,1
Republic of Korea,2025,5,76.89,1
Republic of Moldova,2025,71,50.59,1
Romania,2025,57,56.73,1
Russian Federation,2025,49,59.57,1
Rwanda,2025,74,48.54,1
Saint Kitts and Nevis,2025,170,20.85,1
Saint Lucia,2025,142,26.66,1
Saint Vincent and the Grenadines,2025,166,21.5,1
Samoa,2025,154,23.46,1
San Marino,2025,112,35.89,1
Sao Tome and Principe,2025,180,18.37,1
Saudi Arabia,2025,15,71.57,1
Senegal,2025,96,40.64,1
Serbia,2025,40,60.96,1
Seychelles,2025,140,27.24,1
Sierra Leone,2025,175,19.68,1
Singapore,2025,7,76.42,1
Slovakia,2025,73,48.55,1
Slovenia,2025,36,62.71,1
Solomon Islands,2025,162,22.28,1
Somalia,2025,164,21.82,1
South Africa,2025,65,53.94,1
South Sudan,2025,194,12.2,1
Spain,2025,13,74.22,1
Sri Lanka,2025,80,45.6,1
State of Palestine,2025,115,35.54,1
Sudan,2025,186,16.21,1
Suriname,2025,181,18.37,1
Sweden,2025,23,69.45,1
Switzerland,2025,26,66.95,1
Syrian Arab Republic,2025,165,21.72,1
Taiwan,2025,31,64.81,1
Tajikistan,2025,130,29.08,1
Thailand,2025,34,63.22,1
Timor-Leste,2025,179,18.39,1
Togo,2025,124,30.59,1
Tonga,2025,156,23.11,1
Trinidad and Tobago,2025,120,32.73,1
Tunisia,2025,88,42.23,1
Türkiye,2025,53,58.91,1
Turkmenistan,2025,159,22.5,1
Tuvalu,2025,169,20.87,1
Uganda,2025,113,35.76,1
Ukraine,2025,41,60.84,1
United Arab Emirates,2025,19,69.86,1
United Kingdom of Great Britain and Northern Ireland,2025,3,77.75,1
United Republic of Tanzania,2025,93,41.45,1
United States of America,2025,1,88.36,1
Uruguay,2025,55,58.47,1
Uzbekistan,2025,62,56.11,1
Vanuatu,2025,132,28.55,1
"Venezuela, Bolivarian Republic of",2025,145,25.55,1
Viet Nam,2025,45,59.98,1
Yemen,2025,191,14.48,1
Zambia,2025,82,43.9,1
Zimbabwe,2025,126,29.53,1
