,Control of Corruption,Political Stability,Rule of Law,Fixed Broadband,Mobile Subscriptions,GDP per capita,Tertiary Enrolment,Journal Articles,High-Tech Exports
Control of Corruption,1.0,0.7267273466613413,0.9476088607375251,0.7059321540705454,0.3818709230919374,0.7523719162279267,0.5806439647927151,0.11883022486776104,0.41116437819330703
Political Stability,0.7267273466613413,1.0,0.7956447766575534,0.521964669337886,0.41764184113432584,0.4991885355805,0.4196805202570032,-0.009773584569349568,0.33016083759698717
Rule of Law,0.9476088607375251,0.7956447766575534,1.0,0.698044110486735,0.42357943174576235,0.7089561852151424,0.582155796610593,0.07331517719631413,0.4422727195133376
Fixed Broadband,0.7059321540705454,0.521964669337886,0.698044110486735,1.0,0.38462158806862684,0.7572876161401618,0.7837676535699301,0.24019168068895244,0.4165761833714315
Mobile Subscriptions,0.3818709230919374,0.41764184113432584,0.42357943174576235,0.38462158806862684,1.0,0.35652343957654586,0.3750037127591692,0.04250978967958267,0.1931146016244348
GDP per capita,0.7523719162279267,0.4991885355805,0.7089561852151424,0.7572876161401618,0.35652343957654586,1.0,0.6369878546456054,0.12178901694030805,0.43819482129798515
Tertiary Enrolment,0.5806439647927151,0.4196805202570032,0.582155796610593,0.7837676535699301,0.3750037127591692,0.6369878546456054,1.0,0.19087520754178317,0.4151943462894264
Journal Articles,0.11883022486776104,-0.009773584569349568,0.07331517719631413,0.24019168068895244,0.04250978967958267,0.12178901694030805,0.19087520754178317,1.0,0.18121573951823106
High-Tech Exports,0.41116437819330703,0.33016083759698717,0.4422727195133376,0.4165761833714315,0.1931146016244348,0.43819482129798515,0.4151943462894264,0.18121573951823106,1.0
