iso3,country_name,n_years,mean_raw_rank,sd_raw_rank,mean_percentile_rank,sd_percentile_rank,mean_score
AFG,Afghanistan,4,177.0,15.556349186104049,0.01977214474699593,0.019885204467173713,19.0073221425
AGO,Angola,4,162.5,4.795831523312717,0.09599894988948449,0.06489079635456216,25.92076467
ALB,Albania,4,84.5,3.1091263510296034,0.530065729738874,0.03306850672998706,43.4314078825
AND,Andorra,3,74.66666666666667,6.806859285554047,0.6012316282049954,0.03710969684625656,48.61638060666667
ARE,United Arab Emirates,4,18.0,3.741657386773942,0.8993224634497893,0.02457068920629796,71.55548519
ARG,Argentina,4,55.75,4.193248541803042,0.6900255850713615,0.02802078000208859,56.467930515
ARM,Armenia,4,83.25,5.123475382979798,0.5381029970137363,0.015014226211679733,44.3909968325
ATG,Antigua and Barbuda,3,102.66666666666667,2.516611478423583,0.451866673650654,0.004228413564998684,39.644926133333335
AUS,Australia,4,11.0,2.581988897471611,0.9382333624518912,0.01865951410725836,75.25937296
AUT,Austria,4,18.5,4.041451884327381,0.8957045432259079,0.03192871423779185,71.1914667475
AZE,Azerbaijan,4,81.25,20.072784228070272,0.5509365867776674,0.0958058507087768,45.472950555
BDI,Burundi,4,174.5,13.625955623979797,0.03305046788655,0.008046488771780451,21.5634714425
BEL,Belgium,4,24.25,4.349329450233296,0.864379300405457,0.030979100421382046,69.0210293475
BEN,Benin,4,111.5,22.98550267741242,0.37095898641990044,0.1896493430678672,37.2264779
BFA,Burkina Faso,4,152.75,17.951323071016244,0.15565097525597635,0.03968668219973423,28.8045699425
BGD,Bangladesh,4,88.0,14.696938456699069,0.5050271671272242,0.1285954700899309,43.2224644325
BGR,Bulgaria,4,47.25,4.9916597106239795,0.7383904070010007,0.013846449913681726,59.9214399025
BHR,Bahrain,4,58.75,6.184658438426491,0.6737500416831369,0.032404237429000594,54.3981616725
BHS,Bahamas,3,93.66666666666667,5.0332229568471645,0.49994208772091175,0.023503943126097184,41.639013006666666
BIH,Bosnia and Herzegovina,4,113.25,13.301002468485853,0.3735366973007904,0.037090817826871375,36.835818447499996
BLR,Belarus,4,96.0,17.925772879665004,0.4713798985489548,0.06276666150466122,41.227334694999996
BLZ,Belize,4,130.0,8.981462390204987,0.2767441252281724,0.06881080724423089,33.5226144325
BOL,Bolivia,4,132.75,12.41974234837422,0.26159397419436964,0.0813435304007048,33.126417315
BRA,Brazil,4,36.25,3.3040379335998358,0.797071909996705,0.035247216960406454,63.1476488025
BRB,Barbados,4,97.25,9.14239210126832,0.4615090157770102,0.01693159865278191,40.742183725000004
BRN,Brunei Darussalam,4,66.0,6.97614984548545,0.6347751838093103,0.014566480339237107,51.13282392
BTN,Bhutan,4,112.0,8.831760866327848,0.3756311683429251,0.08150678485394683,36.898327789999996
BWA,Botswana,4,109.25,8.995369179009089,0.3922668692606698,0.06367072459949118,37.923973915000005
CAF,Central African Republic,4,176.75,12.97112177107285,0.020298860668538116,0.009846579091740035,20.15829683
CAN,Canada,4,5.75,0.9574271077563381,0.9677010153098545,0.008041283339032772,77.59105129
CHE,Switzerland,4,24.75,3.593976442141304,0.862875344276064,0.01600340238210635,68.761732825
CHL,Chile,4,40.25,3.774917217635375,0.7759755119755081,0.0271590595961152,62.0191449925
CHN,China,4,17.75,3.593976442141304,0.9017713420325596,0.016880931094730725,72.0526117075
CIV,Côte D'Ivoire,4,129.75,16.580611166861935,0.28316550668270146,0.043369142129528665,33.782082665
CMR,Cameroon,4,141.5,10.908712114635717,0.2157270132917055,0.016347971069081205,31.5947487975
COD,Democratic Republic of the Congo,4,174.25,12.365947867699695,0.034027213226108854,0.010334073669043065,21.7766484
COG,Congo,4,161.75,19.293781381574732,0.10598524165712969,0.038892023368439804,26.4827838225
COL,Colombia,4,50.0,4.760952285695232,0.7229792253149037,0.013736187717760927,58.868959402499996
COM,Comoros,3,172.33333333333334,7.767453465154031,0.08026459161032273,0.01693557986501185,24.361838706666664
CPV,Cabo Verde,4,114.0,5.354126134736337,0.36581697558883236,0.050790552347550554,36.82931475
CRI,Costa Rica,4,71.0,7.25718035235908,0.6035542601764715,0.06204836515769618,49.28295114
CUB,Cuba,4,121.75,17.461863207191456,0.3180637023776822,0.1428793398454478,34.980188215
CYP,Cyprus,4,46.25,3.304037933599835,0.7427628138911508,0.023387488855887296,60.3010297225
CZE,Czech Republic,4,29.5,1.2909944487358056,0.835861552943903,0.01340230460545147,67.1020407825
DEU,Germany,4,9.75,3.5000000000000004,0.9457807757829425,0.019476191982214792,75.5164586575
DJI,Djibouti,3,145.66666666666666,8.621678104251705,0.2224228426737059,0.03788953207014953,31.662932213333335
DMA,Dominica,1,127.0,,0.34196891191709844,,34.81908485
DNK,Denmark,4,11.5,2.516611478423583,0.9365486166604035,0.01106915128472919,75.09305079
DOM,Dominican Republic,4,77.25,9.945685831890463,0.5664923508969449,0.09252949372617064,46.611991555
DZA,Algeria,4,111.25,8.958236433584458,0.38363163645026255,0.004697430495748667,37.0735076625
ECU,Ecuador,4,100.0,3.74165738677394,0.44422818647215856,0.03093307875021952,39.7110089475
EGY,Egypt,4,64.25,1.5,0.6419114434333566,0.035732842325250404,51.8719708475
ERI,Eritrea,3,181.66666666666666,7.6376261582597325,0.030415468070285723,0.01371052137384761,20.66249980666667
ESP,Spain,4,27.5,2.5166114784235836,0.8474471848008741,0.010607936271785506,68.05709898
EST,Estonia,4,19.5,1.9148542155126762,0.8909981487738534,0.017852271051987022,70.7022779825
ETH,Ethiopia,4,142.0,17.869900204906944,0.20696376281252074,0.13711406881722973,31.042570769999998
FIN,Finland,4,5.25,2.5,0.9710757058649049,0.012757078114308913,77.6692321375
FJI,Fiji,4,85.0,11.575836902790227,0.5307510024128255,0.027849745698746507,43.928161765
FRA,France,4,7.0,2.943920288775949,0.9600528220511484,0.02048005257716898,76.9073662325
GAB,Gabon,4,128.25,15.777093099385155,0.2910383073357449,0.04086039313049582,34.04235998
GBR,United Kingdom,4,3.5,1.0,0.9806339070582532,0.005001600591238815,79.3116295125
GEO,Georgia,4,86.75,9.032349269892817,0.5190644307476744,0.03523915034547243,43.5977526525
GHA,Ghana,4,108.0,22.583179581272432,0.40363131687954634,0.09527349930347011,38.160764445
GIN,Guinea,4,157.0,7.071067811865479,0.12796681249547004,0.04038910303001821,28.2544938225
GMB,Gambia,4,152.5,13.52774925846868,0.15485041254504828,0.03907686443543891,28.9040710325
GNB,Guinea Bissau,3,173.0,5.5677643628300215,0.07648948250074665,0.007471028787920283,24.216128386666668
GNQ,Equatorial Guinea,2,165.0,2.8284271247461903,0.13357127108367323,0.030927639227842897,27.566788584999998
GRC,Greece,4,52.75,4.272001872658766,0.7069992667574585,0.023455393074696795,57.60794699
GRD,Grenada,3,122.0,5.5677643628300215,0.3489205679037461,0.010599805964155195,35.661504533333336
GTM,Guatemala,4,123.75,8.770214744615247,0.31097190857300694,0.07462720425657353,34.837798325
GUY,Guyana,3,121.33333333333333,5.033222956847168,0.3515726051470769,0.0410863469854629,35.848689246666666
HND,Honduras,4,136.75,18.080837001274762,0.24374164338755466,0.06046493770451325,32.1059149575
HRV,Croatia,4,67.75,5.560275772537424,0.6244494485568423,0.014642234325678823,50.461988635
HTI,Haiti,4,174.5,15.264337522473745,0.033620826433092915,0.01713209032684098,21.4428323925
HUN,Hungary,4,43.25,1.258305739211791,0.7593304437719988,0.01881491212955052,61.36167903
IDN,Indonesia,4,42.5,3.696845502136472,0.7622341748352927,0.040043049596781996,61.4786741325
IND,India,4,42.25,8.180260794538684,0.7631299207038276,0.06124103724144365,61.2889546875
IRL,Ireland,4,18.25,1.258305739211792,0.8987327155829,0.004626235274122229,71.6398077625
IRN,Iran,4,83.0,11.105554165971789,0.5411365434500451,0.03409293060068115,44.3689484425
IRQ,Iraq,4,118.75,15.370426148939398,0.3419937466919958,0.06646022591719668,35.68856575
ISL,Iceland,4,35.25,12.284814474246923,0.8002044015413092,0.08251943783091728,64.4456837425
ISR,Israel,4,21.75,5.6789083458002745,0.8796592040020684,0.02735878938092666,70.027654085
ITA,Italy,4,25.5,1.2909944487358056,0.857739891401534,0.017683970938443455,68.5800123925
JAM,Jamaica,4,102.5,14.617341299520465,0.43262025889529565,0.05990470763972099,39.4243581975
JOR,Jordan,4,61.75,13.450526631573451,0.6515803276302173,0.10756026499035157,53.639105782499996
JPN,Japan,4,10.5,1.7320508075688772,0.9412035828768872,0.013142476868901215,75.5640330225
KAZ,Kazakhstan,4,71.5,4.123105625617661,0.603099407695948,0.01699746856449268,48.5428266425
KEN,Kenya,4,90.5,9.539392014169454,0.49931637942480767,0.015641225198586343,42.4091561975
KGZ,Kyrgyzstan,4,121.0,15.42724862054151,0.3315047505833355,0.03687290573293237,35.542076425000005
KHM,Cambodia,4,132.25,10.626225419530053,0.26705652168649896,0.01929645834682912,33.2567946925
KIR,Kiribati,3,154.33333333333334,12.503332889007371,0.1761890492295992,0.05975442194839735,29.89216948666667
KNA,Saint Kitts and Nevis,2,104.0,2.8284271247461903,0.4541120052915886,0.004716123940225569,40.425513835000004
KOR,Republic of Korea,4,6.5,2.886751345948129,0.9630309879672394,0.0192214968039403,77.23181353
KWT,Kuwait,4,69.5,5.744562646538029,0.6144867772334396,0.021979337221112845,49.94065512
LAO,Lao People's Democratic Republic,4,129.0,10.61445555206044,0.28535155024725145,0.010102700367069424,33.946304695
LBN,Lebanon,4,81.25,9.287087810503355,0.5448081216718204,0.09005481291869495,44.9173200825
LBR,Liberia,4,169.25,16.152915113584502,0.06323373169977056,0.01625202010696301,23.898484105
LBY,Libya,3,157.0,13.856406460551018,0.16262311054210565,0.053341215665215505,29.133294003333333
LCA,Saint Lucia,4,111.25,5.737304826019503,0.38213945913788766,0.030978889612293815,37.0098248875
LIE,Liechtenstein,2,63.5,0.7071067811865476,0.6665747988093925,0.009899962651382595,54.27023063
LKA,Sri Lanka,4,93.25,8.88350531415762,0.48138346597833787,0.057397896871185176,41.1329229375
LSO,Lesotho,4,159.0,14.071247279470292,0.11957075333723949,0.007887678890768041,27.599290015
LTU,Lithuania,4,34.0,3.366501646120693,0.811419045866525,0.015057507964002464,64.63067548250001
LUX,Luxembourg,4,22.75,4.9916597106239795,0.8746867331444814,0.02190979678897383,70.32902776750001
LVA,Latvia,4,44.75,5.251983752196244,0.7526456353606388,0.011116144453211916,61.070144925
MAR,Morocco,4,90.0,7.527726527090811,0.5002861061996491,0.03796760063698819,42.20190252
MCO,Monaco,1,67.0,,0.6528497409326425,,50.50433586
MDA,Republic of Moldova,4,80.5,12.013880860626733,0.5506272093965896,0.08405342904601366,45.68701945
MDG,Madagascar,4,155.0,10.132456102380443,0.1402505826503136,0.024100004198439415,28.7663946175
MDV,Maldives,4,131.0,24.8327740429189,0.27849444868170137,0.08926118504748695,33.5370982825
MEX,Mexico,4,65.25,5.123475382979798,0.6381168457125526,0.017187991874674943,52.015802969999996
MHL,Marshall Islands,2,122.5,0.7071067811865476,0.3568101642597288,0.015648956710748476,36.66358391
MKD,North Macedonia,4,80.25,6.500000000000002,0.5534965461619233,0.04796475149907605,45.090589557499996
MLI,Mali,4,153.75,11.354147553500729,0.14767658004593592,0.019266895316975726,29.29795935
MLT,Malta,4,35.0,4.69041575982343,0.805822711683338,0.022851782199952746,63.7220651225
MMR,Myanmar,4,137.5,10.408329997330668,0.23655209501349395,0.0529194301873089,32.2959711775
MNE,Montenegro,4,77.0,1.8257418583505558,0.5717506633899787,0.028022564250193564,46.46832109
MNG,Mongolia,4,103.0,4.546060565661952,0.4266676633187177,0.051113550584638436,38.9403628175
MOZ,Mozambique,4,167.25,11.87083260208258,0.07264810227907403,0.024162075610798077,24.655238795000002
MRT,Mauritania,4,141.0,26.49528259898354,0.21526093967266216,0.1525100688009686,31.6300264125
MUS,Mauritius,4,61.25,5.439056290693574,0.6598748550416572,0.02851027106190247,53.3265635575
MWI,Malawi,4,163.25,8.73212459828649,0.09355260179669164,0.04097665481109634,25.873176604999998
MYS,Malaysia,4,28.0,5.944184833375669,0.8419871116502046,0.04803528571650025,67.485057305
NAM,Namibia,4,127.0,14.583095236151571,0.2949346119105814,0.07510922367891182,34.0901845725
NER,Niger,4,165.5,12.233832869001715,0.08271412494191008,0.007672284944383657,25.4964163375
NGA,Nigeria,4,101.75,8.381527307120104,0.4310399103283428,0.09298922597270631,39.3646998675
NIC,Nicaragua,4,150.75,14.38459824488215,0.1652615316112729,0.03053741037241986,29.5516948525
NLD,Netherlands,4,8.0,2.449489742783178,0.9561134667899218,0.011487252975999765,76.329473655
NOR,Norway,4,12.25,0.957427107756338,0.9316458765518307,0.009458986900632429,74.514181555
NPL,Nepal,4,141.5,10.969655114602894,0.2158049464826589,0.014035434696194983,31.646106494999998
NRU,Nauru,1,79.0,,0.5906735751295337,,46.74580573
NZL,New Zealand,4,35.0,11.74734012447073,0.808725474898453,0.05157078964951998,65.01718883
OMN,Oman,4,49.0,2.9439202887759492,0.7270070306699572,0.029639503762827358,59.234021205000005
PAK,Pakistan,4,102.5,12.556538801224908,0.4259978838289833,0.1133572970782433,39.2302452275
PAN,Panama,4,85.75,2.872281323269013,0.5233404420529025,0.027461504547764786,43.19285238
PER,Peru,4,67.5,15.716233645501712,0.6186415886322815,0.12581332085404956,51.128282892499996
PHL,Philippines,4,61.5,7.937253933193772,0.6558118883427911,0.06883386927549848,53.276551732499996
PNG,Papua New Guinea,4,134.75,15.392097539538483,0.2542350866491539,0.045567470628841415,33.13859627
POL,Poland,4,34.75,0.9574271077563381,0.8065062837233707,0.017108821944844456,63.940095835
PRK,Democratic People's Republic of Korea,1,193.0,,0.0,,9.197129779
PRT,Portugal,4,27.25,3.862210075418823,0.8469492254854429,0.03570126675176188,67.9100144425
PRY,Paraguay,4,109.75,5.560275772537426,0.3907913975598273,0.019682252651921136,37.2996198775
PSE,State of Palestine,2,129.5,6.363961030678928,0.3204029324220042,0.020793819190994572,35.335951515000005
QAT,Qatar,4,32.0,4.320493798938574,0.8230566008273589,0.015667289176883835,65.34010788750001
ROU,Romania,4,59.0,3.464101615137754,0.6723602887838177,0.01763939080629159,54.2303925825
RUS,Russian Federation,4,38.75,0.9574271077563378,0.7842918811603489,0.01756091913294835,62.7645025875
RWA,Rwanda,4,91.75,14.840822079655828,0.4840152669152073,0.12988016111907325,43.0002750025
SAU,Saudi Arabia,4,31.0,7.2571803523590805,0.8261875106967684,0.04834613044279279,66.19462387
SDN,Sudan,4,168.25,12.038133853162904,0.06731992104490603,0.011233211276369824,24.4020601175
SEN,Senegal,4,99.5,15.154757228892407,0.4427810174309362,0.1177749895584377,39.8851903425
SGP,Singapore,4,2.0,0.0,0.9888623210175589,0.0009510761320599198,83.1983698275
SLB,Solomon Islands,3,151.0,10.535653752852738,0.19460393584233082,0.030477705310869997,30.791253493333333
SLE,Sierra Leone,4,163.75,14.63728116830445,0.0933060336702295,0.010811817173594328,26.01084681
SLV,El Salvador,4,136.25,9.776672917374972,0.24459143883184284,0.017391964437489783,32.507957680000004
SMR,San Marino,2,75.0,0.0,0.6062313967589019,0.007308043295804004,49.839004134999996
SOM,Somalia,2,178.5,6.363961030678928,0.06314077830448683,0.016019230904402614,23.64947844
SRB,Serbia,4,56.25,2.9860788111948193,0.6876262180612005,0.015478658196019424,55.748896762499996
SSD,South Sudan,3,184.33333333333334,7.023769168568492,0.016139862874280337,0.005870502594602114,18.764094733333334
STP,Sao Tome and Principe,3,162.0,7.211102550927978,0.13540956721001682,0.015066774585588843,28.03896620333333
SUR,Suriname,4,115.75,14.174507634012079,0.36019583708418124,0.03426844131382671,36.5206397225
SVK,Slovakia,4,47.0,11.51810169544733,0.739148614696157,0.0627233436213022,59.318464755
SVN,Slovenia,4,37.0,4.320493798938574,0.795212403371256,0.014889979086093618,63.7467965
SWE,Sweden,4,11.75,3.8622100754188224,0.9359174625925251,0.017756859851567598,74.7944567175
SWZ,Eswatini,4,151.5,16.010413278030438,0.15911132846403236,0.07860807524144475,29.62280879
SYC,Seychelles,4,90.75,17.38533865071371,0.5000215362873976,0.06355150105529715,42.5561398375
SYR,Syrian Arab Republic,3,186.0,6.0,0.007114835633684165,0.003056237916548508,17.03533797333333
TCD,Chad,4,171.5,11.561430130683084,0.04905090257124428,0.01476308298562123,22.669534979999998
TGO,Togo,4,145.5,16.743157806499152,0.19565894872616335,0.03115808610194867,30.8754721225
THA,Thailand,4,40.5,12.583057392117917,0.7705248061106031,0.09325015746867418,61.615202825000004
TJK,Tajikistan,4,112.25,13.744695946679455,0.3783380027328911,0.052518546503258434,37.45369236
TKM,Turkmenistan,3,143.0,13.228756555322953,0.2373828380285422,0.05344895579844194,31.918459109999997
TLS,Timor-Leste,3,146.66666666666666,10.016652800877813,0.2176755584601364,0.0287145487339797,31.436876206666668
TON,Tonga,3,107.0,11.532562594670797,0.429297684950299,0.05229272787623187,39.14726195
TTO,Trinidad and Tobago,4,102.5,8.698658900466592,0.4319745385695779,0.022233722114995812,39.1326106875
TUN,Tunisia,4,80.0,9.201449161228174,0.5557397118024109,0.04937834911678339,45.567930405
TUR,Turkey,4,50.5,2.9999999999999996,0.718148389569151,0.03666612951257705,58.898880840000004
TUV,Tuvalu,1,113.0,,0.4145077720207254,,37.45304448
TWN,Taiwan,4,16.75,2.217355782608345,0.906649988717003,0.015456462520058441,72.39943072999999
TZA,United Republic of Tanzania,4,130.5,8.850612031567834,0.2759840008700546,0.029390833244643616,33.28329765
UGA,Uganda,4,131.25,7.5,0.2700635412790198,0.060222267953564355,33.1213518525
UKR,Ukraine,4,59.5,4.123105625617661,0.6675983539310205,0.04855794959603515,54.3080592925
URY,Uruguay,4,48.0,2.160246899469288,0.7324725188217445,0.02837993609820892,59.7386503975
USA,United States of America,4,1.0,0.0,0.9944311605087794,0.00047553806602993,86.42732566500001
UZB,Uzbekistan,4,82.25,9.979144919948467,0.539792070999439,0.08760629675734212,45.4702756725
VCT,Saint Vincent and the Grenadines,3,127.33333333333333,6.429100507328638,0.3204379284924962,0.02024723123401604,34.83186601333333
VEN,Venezuela,4,150.75,13.07351011269226,0.1648724575951167,0.0236511462331087,29.5675996475
VNM,Viet Nam,4,56.75,4.78713553878169,0.6829141297687793,0.04953455698706704,55.4189415275
VUT,Vanuatu,3,131.0,14.106735979665885,0.3006860346442318,0.07149146147579086,34.01910679333333
WSM,Samoa,3,138.66666666666666,10.40832999733066,0.2594265557593229,0.05747683505660434,32.97830130333333
YEM,Yemen,4,178.75,13.200378782444089,0.009239114877050342,0.01227206010342253,17.4402237575
ZAF,South Africa,4,71.25,4.272001872658765,0.6043417345727475,0.02184293651795925,49.0428271225
ZMB,Zambia,4,130.5,21.07921567168317,0.27231815741044707,0.13596498400348608,33.769887725000004
ZWE,Zimbabwe,4,149.25,4.27200187265877,0.17019702153240457,0.04978862764262152,30.4284826675
